-- MariaDB dump 10.19  Distrib 10.4.21-MariaDB, for Win64 (AMD64)
--
-- Host: localhost    Database: db_presensi
-- ------------------------------------------------------
-- Server version	10.4.21-MariaDB

/*!40101 SET @OLD_CHARACTER_SET_CLIENT=@@CHARACTER_SET_CLIENT */;
/*!40101 SET @OLD_CHARACTER_SET_RESULTS=@@CHARACTER_SET_RESULTS */;
/*!40101 SET @OLD_COLLATION_CONNECTION=@@COLLATION_CONNECTION */;
/*!40101 SET NAMES utf8mb4 */;
/*!40103 SET @OLD_TIME_ZONE=@@TIME_ZONE */;
/*!40103 SET TIME_ZONE='+00:00' */;
/*!40014 SET @OLD_UNIQUE_CHECKS=@@UNIQUE_CHECKS, UNIQUE_CHECKS=0 */;
/*!40014 SET @OLD_FOREIGN_KEY_CHECKS=@@FOREIGN_KEY_CHECKS, FOREIGN_KEY_CHECKS=0 */;
/*!40101 SET @OLD_SQL_MODE=@@SQL_MODE, SQL_MODE='NO_AUTO_VALUE_ON_ZERO' */;
/*!40111 SET @OLD_SQL_NOTES=@@SQL_NOTES, SQL_NOTES=0 */;

--
-- Table structure for table `tb_det_presensi`
--

DROP TABLE IF EXISTS `tb_det_presensi`;
/*!40101 SET @saved_cs_client     = @@character_set_client */;
/*!40101 SET character_set_client = utf8 */;
CREATE TABLE `tb_det_presensi` (
  `id_det_presensi` int(11) NOT NULL AUTO_INCREMENT,
  `id_presensi` int(11) NOT NULL,
  `id_siswa` int(11) NOT NULL,
  `presensi` varchar(5) NOT NULL,
  PRIMARY KEY (`id_det_presensi`)
) ENGINE=InnoDB DEFAULT CHARSET=utf8mb4;
/*!40101 SET character_set_client = @saved_cs_client */;

--
-- Dumping data for table `tb_det_presensi`
--

LOCK TABLES `tb_det_presensi` WRITE;
/*!40000 ALTER TABLE `tb_det_presensi` DISABLE KEYS */;
/*!40000 ALTER TABLE `tb_det_presensi` ENABLE KEYS */;
UNLOCK TABLES;

--
-- Table structure for table `tb_det_presensi_mapel`
--

DROP TABLE IF EXISTS `tb_det_presensi_mapel`;
/*!40101 SET @saved_cs_client     = @@character_set_client */;
/*!40101 SET character_set_client = utf8 */;
CREATE TABLE `tb_det_presensi_mapel` (
  `id_det_presensi_mapel` int(11) NOT NULL AUTO_INCREMENT,
  `id_presensi_mapel` int(11) NOT NULL,
  `id_siswa` int(11) NOT NULL,
  `presensi` varchar(50) NOT NULL,
  PRIMARY KEY (`id_det_presensi_mapel`)
) ENGINE=InnoDB DEFAULT CHARSET=utf8mb4;
/*!40101 SET character_set_client = @saved_cs_client */;

--
-- Dumping data for table `tb_det_presensi_mapel`
--

LOCK TABLES `tb_det_presensi_mapel` WRITE;
/*!40000 ALTER TABLE `tb_det_presensi_mapel` DISABLE KEYS */;
/*!40000 ALTER TABLE `tb_det_presensi_mapel` ENABLE KEYS */;
UNLOCK TABLES;

--
-- Table structure for table `tb_guru_mapel`
--

DROP TABLE IF EXISTS `tb_guru_mapel`;
/*!40101 SET @saved_cs_client     = @@character_set_client */;
/*!40101 SET character_set_client = utf8 */;
CREATE TABLE `tb_guru_mapel` (
  `id_guru_mapel` int(11) NOT NULL AUTO_INCREMENT,
  `id_users` int(11) NOT NULL,
  `id_mapel` int(11) NOT NULL,
  PRIMARY KEY (`id_guru_mapel`)
) ENGINE=InnoDB AUTO_INCREMENT=66 DEFAULT CHARSET=utf8mb4;
/*!40101 SET character_set_client = @saved_cs_client */;

--
-- Dumping data for table `tb_guru_mapel`
--

LOCK TABLES `tb_guru_mapel` WRITE;
/*!40000 ALTER TABLE `tb_guru_mapel` DISABLE KEYS */;
INSERT INTO `tb_guru_mapel` (`id_guru_mapel`, `id_users`, `id_mapel`) VALUES (1,168,1),(2,169,3),(3,170,4),(4,170,20),(5,171,2),(6,172,3),(7,173,2),(8,174,1),(9,175,9),(10,176,6),(11,177,3),(12,178,7),(13,179,5),(14,180,10),(15,181,11),(16,182,4),(17,182,20),(18,197,12),(19,198,16),(20,199,17),(21,200,1),(22,201,14),(23,202,10),(24,203,5),(25,204,3),(26,205,2),(27,206,14),(28,207,18),(29,208,2),(30,209,19),(31,210,17),(32,211,14),(33,212,12),(34,213,1),(35,214,10),(36,215,12),(37,216,17),(38,217,10),(39,218,3),(40,219,18),(41,220,4),(42,221,9),(43,222,2),(44,223,20),(45,224,2),(46,225,15),(47,226,9),(48,227,4),(49,228,10),(50,229,12),(51,229,18),(52,230,6),(53,231,12),(54,232,11),(55,232,18),(56,233,3),(57,234,10),(58,235,17),(59,236,4),(60,237,6),(61,238,13),(62,239,18),(63,240,17),(64,241,5),(65,242,4);
/*!40000 ALTER TABLE `tb_guru_mapel` ENABLE KEYS */;
UNLOCK TABLES;

--
-- Table structure for table `tb_jurusan`
--

DROP TABLE IF EXISTS `tb_jurusan`;
/*!40101 SET @saved_cs_client     = @@character_set_client */;
/*!40101 SET character_set_client = utf8 */;
CREATE TABLE `tb_jurusan` (
  `id_jurusan` int(11) NOT NULL AUTO_INCREMENT,
  `nama_jurusan` varchar(35) NOT NULL,
  PRIMARY KEY (`id_jurusan`)
) ENGINE=InnoDB AUTO_INCREMENT=9 DEFAULT CHARSET=utf8mb4;
/*!40101 SET character_set_client = @saved_cs_client */;

--
-- Dumping data for table `tb_jurusan`
--

LOCK TABLES `tb_jurusan` WRITE;
/*!40000 ALTER TABLE `tb_jurusan` DISABLE KEYS */;
INSERT INTO `tb_jurusan` (`id_jurusan`, `nama_jurusan`) VALUES (1,'TKJ'),(2,'RPL'),(3,'TKRO'),(4,'TBSM'),(5,'TELKA'),(6,'OTKP'),(8,'FARMASI');
/*!40000 ALTER TABLE `tb_jurusan` ENABLE KEYS */;
UNLOCK TABLES;

--
-- Table structure for table `tb_kelas`
--

DROP TABLE IF EXISTS `tb_kelas`;
/*!40101 SET @saved_cs_client     = @@character_set_client */;
/*!40101 SET character_set_client = utf8 */;
CREATE TABLE `tb_kelas` (
  `id_kelas` int(11) NOT NULL AUTO_INCREMENT,
  `id_jurusan` int(11) NOT NULL,
  `nama_kelas` varchar(50) NOT NULL,
  PRIMARY KEY (`id_kelas`)
) ENGINE=InnoDB AUTO_INCREMENT=66 DEFAULT CHARSET=utf8mb4;
/*!40101 SET character_set_client = @saved_cs_client */;

--
-- Dumping data for table `tb_kelas`
--

LOCK TABLES `tb_kelas` WRITE;
/*!40000 ALTER TABLE `tb_kelas` DISABLE KEYS */;
INSERT INTO `tb_kelas` (`id_kelas`, `id_jurusan`, `nama_kelas`) VALUES (2,1,'X TKJ 1'),(3,1,'X TKJ 2'),(4,1,'X TKJ 3'),(5,1,'X TKJ 4'),(7,2,'X RPL 1'),(8,2,'X RPL 2'),(9,2,'X RPL 3'),(10,3,'X TKRO 1'),(11,3,'X TKRO 2'),(12,3,'X TKRO 3'),(13,3,'X TKRO 4'),(14,4,'X TBSM 1'),(15,4,'X TBSM 2'),(16,5,'X  TELKA 1'),(17,5,'X TELKA 2'),(18,6,'X OTKP 1'),(19,6,'X OTKP 2'),(20,6,'X OTKP 3'),(21,6,'X OTKP 4'),(22,8,'X FARMASI 1'),(23,8,'X FARMASI 2'),(24,1,'XI TKJ 1'),(25,1,'XI TKJ 2'),(26,1,'XI TKJ 3'),(27,1,'XI TKJ 4'),(28,2,'XI RPL 1'),(29,2,'XI RPL 2'),(30,2,'XI RPL 3'),(31,3,'XI TKRO 1'),(32,3,'XI TKRO 2'),(33,3,'XI TKRO 3'),(34,3,'XI TKRO 4'),(35,4,'XI TBSM 1'),(36,4,'XI TBSM 2'),(37,5,'XI TELKA 1'),(38,5,'XI TELKA 2'),(39,6,'XI OTKP 1'),(40,6,'XI OTKP 2'),(41,6,'XI OTKP 3'),(42,6,'XI OTKP 4'),(43,8,'XI FARMASI 1'),(44,8,'XI FARMASI 2'),(45,1,'XII TKJ 1'),(46,1,'XII TKJ 2'),(47,1,'XII TKJ 3'),(48,1,'XII TKJ 4'),(49,2,'XII RPL 1'),(50,2,'XII RPL 2'),(51,2,'XII RPL 3'),(52,3,'XII TKRO 1'),(53,3,'XII TKRO 2'),(54,3,'XII TKRO 3'),(55,3,'XII TKRO 4'),(56,4,'XII TBSM 1'),(57,4,'XII TBSM 2'),(58,5,'XII TELKA 1'),(59,5,'XII TELKA 2'),(60,6,'XII OTKP 1'),(61,6,'XII OTKP 2'),(62,6,'XII OTKP 3'),(64,8,'XII FARMASI 1'),(65,8,'XII FARMASI 2');
/*!40000 ALTER TABLE `tb_kelas` ENABLE KEYS */;
UNLOCK TABLES;

--
-- Table structure for table `tb_mapel`
--

DROP TABLE IF EXISTS `tb_mapel`;
/*!40101 SET @saved_cs_client     = @@character_set_client */;
/*!40101 SET character_set_client = utf8 */;
CREATE TABLE `tb_mapel` (
  `id_mapel` int(11) NOT NULL AUTO_INCREMENT,
  `nama_mapel` varchar(50) NOT NULL,
  PRIMARY KEY (`id_mapel`)
) ENGINE=InnoDB AUTO_INCREMENT=21 DEFAULT CHARSET=utf8mb4;
/*!40101 SET character_set_client = @saved_cs_client */;

--
-- Dumping data for table `tb_mapel`
--

LOCK TABLES `tb_mapel` WRITE;
/*!40000 ALTER TABLE `tb_mapel` DISABLE KEYS */;
INSERT INTO `tb_mapel` (`id_mapel`, `nama_mapel`) VALUES (1,'PENJAS'),(2,'KOMPETENSI KEAHLIAN TKJ'),(3,'KOMPETENSI KEAHLIAN TKR'),(4,'KOMPETENSI KEAHLIAN MP'),(5,'KOMPETENSI KEAHLIAN FKK'),(6,'KOMPETENSI KEAHLIAN RPL'),(7,'KOMPETENSI KEAHLIAN TELIN'),(8,'INFORMATIKA'),(9,'PPKN'),(10,'BAHASA INDONESIA'),(11,'SEJARAH INDONESIA'),(12,'MATEMATIKA'),(13,'PROJEK IPAS'),(14,'BAHASA INGGRIS'),(15,'KOMPETENSI KEAHLIAN TSM'),(16,'BAHASA SUNDA'),(17,'PAI'),(18,'BK'),(19,'SENI BUDAYA'),(20,'PKK');
/*!40000 ALTER TABLE `tb_mapel` ENABLE KEYS */;
UNLOCK TABLES;

--
-- Table structure for table `tb_point_siswa`
--

DROP TABLE IF EXISTS `tb_point_siswa`;
/*!40101 SET @saved_cs_client     = @@character_set_client */;
/*!40101 SET character_set_client = utf8 */;
CREATE TABLE `tb_point_siswa` (
  `id_point_siswa` int(11) NOT NULL AUTO_INCREMENT,
  `tanggal` date NOT NULL,
  `id_siswa` int(11) NOT NULL,
  `kode_indikator` varchar(10) NOT NULL,
  `indikator` text NOT NULL,
  `positive_point` int(11) NOT NULL,
  `negative_point` int(11) NOT NULL,
  `id_user` int(11) NOT NULL,
  PRIMARY KEY (`id_point_siswa`)
) ENGINE=InnoDB DEFAULT CHARSET=utf8mb4;
/*!40101 SET character_set_client = @saved_cs_client */;

--
-- Dumping data for table `tb_point_siswa`
--

LOCK TABLES `tb_point_siswa` WRITE;
/*!40000 ALTER TABLE `tb_point_siswa` DISABLE KEYS */;
/*!40000 ALTER TABLE `tb_point_siswa` ENABLE KEYS */;
UNLOCK TABLES;

--
-- Table structure for table `tb_presensi`
--

DROP TABLE IF EXISTS `tb_presensi`;
/*!40101 SET @saved_cs_client     = @@character_set_client */;
/*!40101 SET character_set_client = utf8 */;
CREATE TABLE `tb_presensi` (
  `id_presensi` int(11) NOT NULL AUTO_INCREMENT,
  `id_tahun_ajaran` int(11) NOT NULL,
  `tanggal` date NOT NULL,
  `id_kelas` int(11) NOT NULL,
  `id_users` int(11) NOT NULL,
  PRIMARY KEY (`id_presensi`)
) ENGINE=InnoDB DEFAULT CHARSET=utf8mb4;
/*!40101 SET character_set_client = @saved_cs_client */;

--
-- Dumping data for table `tb_presensi`
--

LOCK TABLES `tb_presensi` WRITE;
/*!40000 ALTER TABLE `tb_presensi` DISABLE KEYS */;
/*!40000 ALTER TABLE `tb_presensi` ENABLE KEYS */;
UNLOCK TABLES;

--
-- Table structure for table `tb_presensi_mapel`
--

DROP TABLE IF EXISTS `tb_presensi_mapel`;
/*!40101 SET @saved_cs_client     = @@character_set_client */;
/*!40101 SET character_set_client = utf8 */;
CREATE TABLE `tb_presensi_mapel` (
  `id_presensi_mapel` int(11) NOT NULL AUTO_INCREMENT,
  `id_tahun_ajaran` int(11) NOT NULL,
  `tanggal` date NOT NULL,
  `id_mapel` int(11) NOT NULL,
  `id_kelas` int(11) NOT NULL,
  `id_users` int(11) NOT NULL,
  PRIMARY KEY (`id_presensi_mapel`)
) ENGINE=InnoDB DEFAULT CHARSET=utf8mb4;
/*!40101 SET character_set_client = @saved_cs_client */;

--
-- Dumping data for table `tb_presensi_mapel`
--

LOCK TABLES `tb_presensi_mapel` WRITE;
/*!40000 ALTER TABLE `tb_presensi_mapel` DISABLE KEYS */;
/*!40000 ALTER TABLE `tb_presensi_mapel` ENABLE KEYS */;
UNLOCK TABLES;

--
-- Table structure for table `tb_siswa`
--

DROP TABLE IF EXISTS `tb_siswa`;
/*!40101 SET @saved_cs_client     = @@character_set_client */;
/*!40101 SET character_set_client = utf8 */;
CREATE TABLE `tb_siswa` (
  `id_siswa` int(50) NOT NULL AUTO_INCREMENT,
  `nisn` varchar(50) NOT NULL,
  `nis` varchar(50) NOT NULL,
  `nama_siswa` varchar(50) NOT NULL,
  `jenis_kelamin` varchar(10) NOT NULL,
  `id_kelas` int(11) NOT NULL,
  PRIMARY KEY (`id_siswa`)
) ENGINE=InnoDB AUTO_INCREMENT=2122 DEFAULT CHARSET=utf8mb4;
/*!40101 SET character_set_client = @saved_cs_client */;

--
-- Dumping data for table `tb_siswa`
--

LOCK TABLES `tb_siswa` WRITE;
/*!40000 ALTER TABLE `tb_siswa` DISABLE KEYS */;
INSERT INTO `tb_siswa` (`id_siswa`, `nisn`, `nis`, `nama_siswa`, `jenis_kelamin`, `id_kelas`) VALUES (1,'0066994560','10216719','ABDUL DAVIT','L',24),(2,'0059974042','10216720','ADI PRASETIO','L',24),(3,'0053349390','10216721','ADITIA SAPUTRA','L',24),(4,'0055223867','10216722','ADRIAN VIRMANSYAH','L',24),(5,'0059303031','10216723','AGITSNA ALFIANA SYIFA','P',24),(6,'0069011756','10216725','AHMAD SARIPUDIN','L',24),(7,'0061879929','10216726','BAYU ANGGARA','L',24),(8,'0063476037','10216727','DAMA JANUAR RISKI','L',24),(9,'0059636590','10216728','DEDE RIPALDI','L',24),(10,'0054462671','10216729','ELA DAMAYANTI','P',24),(11,'0054468753','10216730','FARHANUL MUKHLIS','L',24),(12,'0061591069','10216731','FARIDAH NURFAUZIAH','P',24),(13,'0068809978','10216732','FATHIR BASMALAH','L',24),(14,'0062978189','10216733','GALUH RAMADANI','L',24),(15,'0052896711','10216734','HELNI NURAISAH','P',24),(16,'0069171008','10216735','HILDA HILDIAWATI','P',24),(17,'0064092490','10216736','KIKUK SAPIRA','P',24),(18,'0063750024','10216737','KONITA SRI NUR APRIANI','P',24),(19,'0068539838','10216738','LINA WAHDA NOVIA','P',24),(20,'0068175498','10216739','MOH YANUAR SYAFII','L',24),(21,'0067694380','10216740','NADIA IHSAN CIPTADI','P',24),(22,'0069120681','10216741','NAZWA ZAQIAH AMANI','P',24),(23,'0055348582','10216742','PANJI AHMAD ALFIAN','L',24),(24,'0056889420','10216743','PARHAN MAULANA','L',24),(25,'0043948586','10216744','RANI NURAINI','P',24),(26,'0051186710','10216745','RANTIKA DEWI','P',24),(27,'0067112351','10216746','RIANI NUR SOFIA','P',24),(28,'0064059164','10216747','RIDA NUR SOLIHAH','P',24),(29,'0054286686','10216748','RIDWAN MAULANA','L',24),(30,'0038611374','10216749','SANDI NURHILMAN','L',24),(31,'0051148038','10216750','SELIN MARSELINA','P',24),(32,'3052560251','10216751','SENDI MAULANA','L',24),(33,'3055799724','10216752','TEDI','L',24),(34,'0057533743','10216753','WIDIA SEFTIANI','P',24),(35,'0042726292','10216754','WIGAN RAFA','L',24),(36,'0051198841','10216755','AI  FARIDA','P',25),(37,'0056434473','10216756','AIRIN PEBRIANTI','P',25),(38,'0066866531','10216757','ALDI RUSTANDI','L',25),(39,'3060915800','10216759','ALDIYANA','L',25),(40,'3066949388','10216760','ALFIANI MULTAJAMAH','P',25),(41,'0039324360','10216761','ALI RAHMAN ILHAM','L',25),(42,'0058723588','10216762','BRIAN AHMAD RAHMADAN','L',25),(43,'0044611215','10216763','DEDI SAPUTRA','L',25),(44,'0065352193','10216764','DELINDA SYAMROTUL FU`ADAH','P',25),(45,'0034422518','10216765','ELSA ROSITA','P',25),(46,'0056649596','10216766','FAZAR PEBRIAN','L',25),(47,'3066773110','10216767','FEBRI NUR CAHYADI','L',25),(48,'0061343099','10216768','GHAITSA AYU SALSABILA','P',25),(49,'3053522001','10216769','IKA SITI KHOIRIYAH','P',25),(50,'0059153833','10216770','IKBAL MAULANA','L',25),(51,'0053842052','10216771','INDRI FITRIA','P',25),(52,'0051895480','10216772','LINDA RAHAYU','P',25),(53,'0062397741','10216773','LISTIANA','P',25),(54,'0042829961','10216775','Muhamad Ilham','L',25),(55,'0046140903','10216776','NAUVAL CAHYA SARIP PUTRA','L',25),(56,'0068365609','10216777','NENENG SALSA DELA','P',25),(57,'0059519210','10216778','PITRA NURUL PITRIA','P',25),(58,'0064686813','10216779','PUTRA RAJWA MIPTAH PAUJI','L',25),(59,'0055187685','10216780','RENI SILVYA','P',25),(60,'0056578287','10216781','RENTI REMILAN','P',25),(61,'0053931558','10216782','RIFKI NURFAUZI','L',25),(62,'0064814543','10216783','RIVALDI','L',25),(63,'0069075751','10216784','RIYAN HENDRIYANSAH','L',25),(64,'0051880494','10216785','SHERYL AURA HERISKA','P',25),(65,'0059784429','10216786','SIFATUNISA','P',25),(66,'0062283755','10216787','SIGIT ABDUL MALIK','L',25),(67,'0067519191','10216788','TRI NOVITA SARI','P',25),(68,'0057090019','10216789','WINI DWI MEILANI','P',25),(69,'0057922827','10216790','WITRA FAHRI','L',25),(70,'','','SANDIANA','L',25),(71,'0053909000','10217061','AGI RIDWAN AZDANNY','L',37),(72,'0053069086','10217062','AGUNG CAHYA GUMILAR','L',37),(73,'0053040395','10217063','DANI RAMDANI','L',37),(74,'0053293598','10217064','DARAJAT ABDILAH','L',37),(75,'0054405890','10217065','DIO AKBAR PRAMUJA','L',37),(76,'0054883764','10217066','ERLAN NURMANSAH','L',37),(77,'0042800067','10217067','FERDI IRFANSYAH','L',37),(78,'0055389608','10217068','HILMAN','L',37),(79,'0058886874','10217069','IDHAM MUADZ MIZAMI','L',37),(80,'0069318634','10217070','ILHAM NUR RAHMATUL ULUM','L',37),(81,'0054667583','10217071','IRFAN MUHAMMAD MUHTAKIN','L',37),(82,'0055670859','10217105','JAMALUDIN','L',37),(83,'3065568795','10217072','MUHAMAD FAIZ AKBAR','L',37),(84,'0052984904','10217073','MUHAMMAD HASTIAPIN','L',37),(85,'0052246465','10217074','RAKA FAUZI ARIFIN','L',37),(86,'0059707852','10217075','REZA PUTRA PERMANA','L',37),(87,'0057698033','10217076','RIPAN SAMSUL ARIPIN','L',37),(88,'0051401786','10217077','ROBI NASTIANA','L',37),(89,'0057397887','10217078','SENDI KHAIRI RADITIANA','L',37),(90,'0062673056','10217079','YOSEP ANDREAN','L',37),(91,'0045211430','10206176','Ade Via Oktaviani','P',64),(92,'0041501222','10206177','Ai Gisa Hidayah','P',64),(93,'0051511844','10206178','AI LISTA','P',64),(94,'0045198850','10206179','Ainaya Anzalia','P',64),(95,'0030207739','10206180','ANGGI HIDAYAT','L',64),(96,'0045210797','10206181','Anisa Setiawati','P',64),(97,'3049367447','10206182','Aski Nurrahmah Pajriani','P',64),(98,'0042720484','10206183','CINDY MEITAMI','P',64),(99,'0045439822','10206184','CITA DANIALA','P',64),(100,'0042069666','10206185','Diana Susanti','P',64),(101,'3048819571','10206186','DWIKI MAULANA','L',64),(102,'0041540141','10206187','Erni Oktaviani','P',64),(103,'0048734783','10206188','Ilis Nurasiah','P',64),(104,'0057866352','10206189','ISMA','P',64),(105,'0045439733','10206190','Lani Hermawati','P',64),(106,'0041383035','10206191','LEXSA PUJAWATI','P',64),(107,'0045214228','10206192','LINA MARLINA','P',64),(108,'0049840304','10206193','Mira Rahmawati','P',64),(109,'3043974658','10206194','MUHAMAD AYI THOSIN','L',64),(110,'3048270863','10206195','MUHAMAD RIZKY RAMDANI','L',64),(111,'0049413718','10206196','Muhammad Fadillah','L',64),(112,'0045016939','10206197','Nabila','P',64),(113,'0042100461','10206198','NADA SITI NOORBANSYAH','P',64),(114,'0051590759','10206199','NAILA SAPA PARADILA','P',64),(115,'0042488813','10206200','Novi Nurhopipah','P',64),(116,'0027682015','10206201','PIAN ABDUL JABAR','L',64),(117,'3033078716','10206202','RESI AULIA AJHARI','P',64),(118,'0045211357','10206203','RISKA','P',64),(119,'0047928457','10206204','Riska Aisah','P',64),(120,'0039727341','10206205','Riska Novitasari','P',64),(121,'','11217102','Shayla Eka Safitri','P',64),(122,'0045017009','10206206','SILPIA CITRA DEWI','P',64),(123,'0038536324','10206207','Syela','P',64),(124,'0042508958','10206208','TASYA AMELIA JULIANI','P',64),(125,'0049401978','10206209','TITIS MUTIARA ASIH','P',64),(126,'0045198856','10206210','VINA MALINDA','P',64),(127,'0045537234','10206212','Ade Solehudin','L',65),(128,'0044834169','10206213','ADINDA IMELIA','P',65),(129,'0044390635','10206214','Agin Prestianto','L',65),(130,'0045451052','10206215','AGITA HERANI','P',65),(131,'3048323333','10206216','AI INE','P',65),(132,'0055378055','10206217','Aisah Hasna Maulani','P',65),(133,'0051393722','10206218','ALBI HAIKAL','L',65),(134,'0042668015','10206219','ANISA SITI AGUSTIN','P',65),(135,'0052329558','10206220','Dela Nuraeni','P',65),(136,'0043247780','10206221','Deuis Erni Nurani','P',65),(137,'0053769188','10206222','Dwi Rizki','P',65),(138,'0051730898','11217099','EANZIL RAHMANI','P',65),(139,'0048623337','10206223','ICA RAHMAWATI','P',65),(140,'0045943273','10206224','IMAS RAMADHANI','P',65),(141,'0041703051','10206225','Karina','P',65),(142,'3059353752','10206226','LANY PRASISKA APRIANIS','P',65),(143,'0045450284','10206227','LULU KHOERUN NISA','P',65),(144,'3046740701','10206228','MEGA FRATIKA','P',65),(145,'0048088693','10206229','MEGA RESTI OKTAVIANI','P',65),(146,'0042664066','10206230','MUHAMAD NURFALAH','L',65),(147,'0045290309','10206231','NENDEN AYU','P',65),(148,'0054976171','10206232','NENENG NURYANI','P',65),(149,'0051395687','10206233','Neng siti Hanipah ','P',65),(150,'0045214503','10206235','Puput Lestari','P',65),(151,'0042748119','10206236','REGINA SHAYU S.','P',65),(152,'0045017023','10206237','REIHAN ERIZA','P',65),(153,'0045450228','10206238','REPI RAYANTI','P',65),(154,'3058596083','10206239','RIKA RAHMAWATI','P',65),(155,'0041102863','10206240','RIZAL FIQRIANDANI','L',65),(156,'0045199584','10206241','RUBI SRI LESTARI','P',65),(157,'0045538200','10206242','Sabrina Nurida Quasimah','P',65),(158,'0055758847','10206243','Saripa Ulya','P',65),(159,'0051394416','10206244','SHANIA SEPTIA AYU','P',65),(160,'3052532732','10206245','SUCI FEBRIANTI','P',65),(161,'0044836522','10206246','TIA PUTRI LISTIANI','P',65),(162,'3056256582','10206247','AI ICA APRILIANI','P',60),(163,'0044854419','10206248','AI NISA AZHARI','P',60),(164,'0049441682','10206249','Ai Nurfitriyani','P',60),(165,'0051731181','10206250','ALMY NATIA','P',60),(166,'0051396225','10206251','Amanda Salsabila','P',60),(167,'0052772801','10206252','ANISA','P',60),(168,'3054520666','10206253','ARILLIA SAPUTRI','P',60),(169,'0049035286','10206254','DEWI RATNA PURI','P',60),(170,'3058348515','10206255','DINA AWALIYAH NURUL BIDARI','P',60),(171,'0045017022','10206256','DINA AZ ZAHRA','P',60),(172,'0045214045','10206257','DINA SRIMULYANI','P',60),(173,'0051731605','10206258','DINDA','P',60),(174,'0057399714','10206259','Dinda Aulia Putri','P',60),(175,'0047970664','10206260','Dwi Rahayu','P',60),(176,'0051125202','10206261','Erika','P',60),(177,'0045213975','10206263','Fitri Romdona','P',60),(178,'3063193150','10206264','GINA RIFA AULIA','P',60),(179,'3056618320','10206265','GINA SULISTIANA','P',60),(180,'0051393033','10206266','IA AI DANURI','P',60),(181,'0045213781','10206267','ICHA OKTAFIANI','P',60),(182,'0057485193','10206268','INDAH MULYANI','P',60),(183,'0051515675','10206269','INE INDRIANTI','P',60),(184,'0045538181','10206270','KRESNA MELANI','P',60),(185,'3043376882','10206271','LUTFI FITRIANI','P',60),(186,'0045213892','10206272','NENG DIA','P',60),(187,'0045213773','10206273','RESA ANJANI','P',60),(188,'0038537770','10206274','REVA NURIEL ASSYVA','P',60),(189,'0048374093','10206275','ROSANA ANDRIANIS','P',60),(190,'0052282003','10206276','SALWA ZEIN HAIRUNNISA','P',60),(191,'0056749799','10206278','SRI WAHYUNI','P',60),(192,'0045016803','10206279','Tia Tri Martini','P',60),(193,'0045439968','10206280','ULFA RAHMAWATI','P',60),(194,'0051393716','10206282','WINDA DEWI PASARI','P',60),(195,'0059767366','10206283','Alfira Wulan Fadhillah','P',61),(196,'0047698151','10206284','ANITA','P',61),(197,'0048077564','10206285','DESTI HARTANTI','P',61),(198,'0045538192','10206286','DINA NURPAIDAH','P',61),(199,'0045213912','10206287','ELFI NURSOFIAH','P',61),(200,'0045017109','10206289','Ilpia Nuramdah','P',61),(201,'0056001080','10206290','LULU ANNABILA','P',61),(202,'0048096104','10206291','LULU LAELATUL NAHARIYAH','P',61),(203,'0051395804','10206292','Mila Andani','P',61),(204,'0056252743','10206293','MUTIA ADILA','P',61),(205,'3053089119','10206294','NABILA NAILA NAZWA','P',61),(206,'0051731787','10206295','Nabila Puspita dewi','P',61),(207,'0038535434','10206296','NADIA LAILATUL BAROKAH','P',61),(208,'0045017241','10206297','NAZWA AZKIA','P',61),(209,'0045199157','10206298','NENG SERLIANA PUTRI','P',61),(210,'0045538353','10206299','Nita Nur Utami','P',61),(211,'0051096893','10206301','RENA','P',61),(212,'0045538208','10206302','Resta Diana','P',61),(213,'0038536301','10206303','RIDA RINDIANI','P',61),(214,'0051004544','10206304','RIFAMI MELISYA PUTRI','P',61),(215,'0051399615','10206305','Rika Nuraeni','P',61),(216,'0045199162','10206306','RINA','P',61),(217,'3051183594','10206307','RISKA RISDIANI','P',61),(218,'0053482660','10206308','RISTY MEILANY','P',61),(219,'3044044798','10206309','RIVANA S','P',61),(220,'0045586910','11217103','Robi Ismail','L',61),(221,'0054820481','10206310','Rohmaddun Prihandoko','L',61),(222,'0045211070','10206311','Rosi Remiati','P',61),(223,'0048890962','10206312','SALWA HASNADHIA FIRDAUS','P',61),(224,'0051009261','10206313','Siti Patimah','P',61),(225,'0046649872','10206314','Sri Nuraeni','P',61),(226,'0055803214','10206315','Sri Raini','P',61),(227,'0057657197','10206316','SUCI AZKAH NUR FADILAH','P',61),(228,'0044753684','10206317','Tasya Resti Cahyani','P',61),(229,'0033889322','10206423','Wifa Nuraipa','P',61),(230,'0045199594','10206318','AI SITI NURFADILAH','P',62),(231,'0045537184','10206319','DEDE NINA PITRIYANI','P',62),(232,'0043562070','10206320','ERINA OKTAVIANI','P',62),(233,'3902929672','10206321','FIKA NURHASANAH','P',62),(234,'0049639864','10206322','ICA SITI NURAISAH','P',62),(235,'0045017134','10206323','INSAN KAMILA','P',62),(236,'0045537975','10206325','MELANI','P',62),(237,'0045538199','10206326','Neng Yulianti','P',62),(238,'0045439639','10206327','Rahma Nuriklima','P',62),(239,'0045439578','10206328','Rani Nurpahmi','P',62),(240,'0055050332','10206329','REGIANA SRI RAHAYU','P',62),(241,'0044389632','10206330','Reina Erviana Sefirasari','P',62),(242,'0044975130','10206332','Reva Sopia Irawan','P',62),(243,'0045016937','10206333','RINI ANDRIYANI','P',62),(244,'0045666935','10206334','Rossa Fauziah','P',62),(245,'0047688129','10206335','Santi Susilawati','P',62),(246,'0045211433','10206336','Sela Novi Fitria','P',62),(247,'0045198808','10206337','SHOFIA NUR AZIZA','P',62),(248,'3054592496','10206338','SHOFIE SHOFIYYAH','P',62),(249,'3047854468','10206339','SILMI ROHMAWATI','P',62),(250,'0045841823','10206340','SINDI INDRIANI','P',62),(251,'0049096465','10206341','Sindy Auliya Iskandar Putri','P',62),(252,'0045211044','10206342','SITI MARYAM','P',62),(253,'0049030258','10206343','SITI NAZWA AGUSTIN','P',62),(254,'0047460139','10206344','Siti Zulhijah','P',62),(255,'3041149039','10206345','SOPI NURSAADAH','P',62),(256,'3055767654','10206346','SYAHILA RAINA RAHMA','P',62),(257,'0041165455','10206347','TASYA ISMAYANTI','P',62),(258,'3052148344','10206348','TIRA WIYANI','P',62),(259,'0045213977','10206349','Ucu Tiara Lestari','P',62),(260,'0048911300','10206350','Usi Nuzha','P',62),(261,'0045213968','10206351','WINA AGUSTIN','P',62),(262,'3049896862','10206352','WINALDA','P',62),(263,'3059563192','10205923','AAP PEBRIAN','L',49),(264,'0045211339','10205924','ACEP HOLIK','L',49),(265,'0045016958','10205925','Ai Yanti Pitriyani','P',49),(266,'0058535938','10205926','ALEXANDRI FAHMI REDIS','L',49),(267,'0045439809','10205927','ALPI APRILIANI','P',49),(268,'0045537980','10205928','ANDIKA SAPUTRA','L',49),(269,'0037988834','10205929','Ardi Setia Muhamad Rizki','L',49),(270,'0039985461','10205930','Arip Hidayatulloh','L',49),(271,'0052189176','10205931','ASTY PRASASTY','P',49),(272,'0057733003','10205932','AYU AISAH','P',49),(273,'0051056781','10205933','AYU YUKEU ARIYANI','P',49),(274,'0045016996','10205934','Chika Septia Permana','L',49),(275,'0047826014','10205935','Citra Januarni','P',49),(276,'0054433538','10205936','DEDE YETI','P',49),(277,'0043948909','10205937','DELA CITRA','P',49),(278,'0045537916','10205938','Denina','P',49),(279,'3045129328','10205939','Depani Sofyan','L',49),(280,'3139240306','10205940','Dina Siti Nurdiana','P',49),(281,'0049314756','10205941','Dzikri Hidayat','L',49),(282,'0045538023','10205942','EINDY GUSTIANSYAH','L',49),(283,'0055533785','10205943','Elsa Nurhalisah','P',49),(284,'0051096858','10205944','Faiz Muhamad Falah','L',49),(285,'0048639989','10205945','FAIZAL MUHAMMAD TAOFIK','L',49),(286,'3054634361','10205946','FAJAR MAULID AKBAR','L',49),(287,'0051855217','10205947','FINA NURLISTIA','P',49),(288,'0055316042','10205948','GIVANI ANGGRIANI','P',49),(289,'0045439768','10205949','MELIZA RAHMA','P',49),(290,'0055060060','10205950','MUHAMAD ILHAM','L',49),(291,'0051393714','10205951','NITA TAMAMI','P',49),(292,'0056633741','10205952','PINA NURPAJRIANI','P',49),(293,'0051096969','10205953','RIFQI MUHAMMAD ALWAN','L',49),(294,'3040715842','10205954','RIPA NURMAYA','P',49),(295,'0045439704','10205955','Rizki Moh. Fauzi','L',49),(296,'0051393712','10205956','RIZMAN MAULANA MUNGGARAN','L',49),(297,'0041966403','10205958','YUSRIL FAHMI','L',49),(298,'0049655657','10205959','Agus Linia Ali','L',50),(299,'0051410201','10205960','AI RIANI','P',50),(300,'0045439765','10205962','AYIP MAULANA YUSUP','L',50),(301,'0045537981','10205963','DENA ALFIANSYAH','L',50),(302,'0051226661','10205964','Dwi Putri Febriyanti ','P',50),(303,'0042425438','10205965','EKA FUJIYANTO','L',50),(304,'3050431606','10205966','ELISA WIJAYANTI','P',50),(305,'3044066755','10205968','FITRIANI','P',50),(306,'0047553732','10205969','IJAY NURHIDAYAH','L',50),(307,'0043449258','10205970','IKMAL NURHIDAYAH','L',50),(308,'0045199166','10205971','Ilham','L',50),(309,'0042201796','10205972','Mey Silfia Dewi','P',50),(310,'0042143197','10205973','MOCHAMAD CARKIWA FAJAR DANI','L',50),(311,'0045538501','10205974','Mohamad Nurhidayat','L',50),(312,'0056483284','10205975','MUHAMAD FAHRIL MUNAWAR','L',50),(313,'0055896270','10205976','MUHAMAD RIZKI EKA JANWAR','L',50),(314,'0045450162','10205977','Muhammad Pasya Madani','L',50),(315,'0057603355','10205978','Muhammad Salman Alfarisi','L',50),(316,'0045439820','10205980','NABILA NURJANAH','P',50),(317,'0045537130','10205981','Neng Sri Wulan Putri','P',50),(318,'3048260945','10205982','Nova Nurpadilah','P',50),(319,'0053110359','10205983','Pauzan Usmawan','L',50),(320,'0045439445','10205984','Resa Navadila','P',50),(321,'0036569098','10205985','RIAN ARDIANSYAH','L',50),(322,'0057060837','10205986','RIJAL JANWA ANTANI','L',50),(323,'0047309758','10205987','Rika Agustin','P',50),(324,'0045439884','10205988','RIO ABDILLAH','L',50),(325,'0045439758','10205989','RISMAWATI','P',50),(326,'0054891744','10205990','Selpi','P',50),(327,'0054759411','10205991','Silpia','P',50),(328,'0045198827','10205992','SITI NISAUL SYARIFAH','P',50),(329,'0049368509','10205993','Wulan Dari Rosmawati','P',50),(330,'0038536168','10205994','Yusup Supriatna','L',50),(331,'0057039744','10205995','ADI YOGA PRASETIA','L',51),(332,'0045016962','10205996','Ai Wawat Nurjanah','P',51),(333,'0045017014','10205997','AMELIA PUTRI SETIAWAN','P',51),(334,'0045439737','10205998','Ananda Wahyuni','P',51),(335,'0057572419','10205999','Aura Sakinah Mahendra','P',51),(336,'0044976121','10206000','DEA','P',51),(337,'0045016966','10206001','DIKRI MAULANA','L',51),(338,'0042000787','10206002','Dimas Andika Pratama','L',51),(339,'0045016978','10206003','Elsa Rahmawati Dewi','P',51),(340,'3040301327','10206005','FIKRI AHMAD FAISAL','L',51),(341,'0044978437','10206006','Hikam Syamsul Maarif','L',51),(342,'0045439739','10206007','Jeni Lestari','P',51),(343,'0045017147','10206008','JIHAN NATASYA','P',51),(344,'3059853268','10206009','LINA NURAENI','P',51),(345,'0045450166','10206010','M. Gibran Fajar','L',51),(346,'3046984367','10206011','MILA NURSELA','P',51),(347,'0045538374','10206012','Muhamad Hilman Hermawan','L',51),(348,'0052399343','10206013','NAZMA ALIYA MILANI','P',51),(349,'0045199589','10206014','RESTU NUR FAUZI','L',51),(350,'0045439642','10206015','RIJAL RIZKI FAUZI','L',51),(351,'0045016941','10206016','RINDIANI NURAPIPAH','P',51),(352,'3032809927','10206017','RIPAL SETIAWAN','L',51),(353,'3041263976','10206019','SAHRUL NUGRAHA ALAM','L',51),(354,'0045537186','10206021','Sela Selfina','P',51),(355,'0044753070','10206022','Selis','P',51),(356,'0056369555','10206023','SEPTIANA RENALDY','L',51),(357,'0051096932','10206024','Shipa Mubarokah','P',51),(358,'0038711055','10206025','SINDI SETIAWATI','P',51),(359,'0045450606','10206026','TIA PEBRIANTI','P',51),(360,'0048002239','10206027','TRIANA SUKMA NINGRUM','P',51),(361,'0044939246','10206028','TYO ADRIANTO','L',51),(362,'0044380308','10206029','WIRA ADITIA SAPUTRA','L',51),(363,'0045537400','10206030','YOGI ALVARIZI','L',51),(364,'0038611402','10205851','Adi Ripansah','L',56),(365,'0045213782','10205852','Adil akbar marifat','L',56),(366,'0048184212','10205853','Aditia Amaludin','L',56),(367,'0051096985','10205854','Aditia Risandi','L',56),(368,'3057577014','10205855','AGIT ADHADIJAYA','L',56),(369,'0045747871','10205856','AGUS MAULANA','L',56),(370,'0047947063','10205857','AKA PERDI','L',56),(371,'0030207657','10205858','ALANG RAMDANI','L',56),(372,'0051395516','10205859','Aldi Supriadi','L',56),(373,'0045537949','10205860','ANDIKA WIRASANDI RUSADI','L',56),(374,'0045211522','10205861','Andriyana','L',56),(375,'3042841140','10205862','ANGGI MAULANA','L',56),(376,'0049945078','10205863','Anggi Nugroho','L',56),(377,'0045562189','10205864','Asep Agustin','L',56),(378,'3046685965','10205865','CECEP HERDIANSYAH','L',56),(379,'0045017016','10205866','DAFFA FATHURAHMAN','L',56),(380,'3041727763','10205867','DANI NURGALUH','L',56),(381,'0044183724','10205868','Dede Ilmal','L',56),(382,'3044157449','10205869','DIKRI MUHAMAD SARIP','L',56),(383,'0056085000','10205870','Feri Abdul Latif','L',56),(384,'0051730830','10205871','Fikri Farhanul Hakim','L',56),(385,'0038611421','10205872','JERIANSYAH','L',56),(386,'0045211365','10205873','JIDAN NURJAMAN','L',56),(387,'0049603456','10205874','RAMDANI','L',56),(388,'0045016930','10205875','Randi Muhamad Rizki','L',56),(389,'0045728376','10205876','Rangga','L',56),(390,'0044321255','10205877','Reza Fauzan ','L',56),(391,'0051096915','10205878','Ridho putra hidayat','L',56),(392,'0042022239','10205879','RIDWAN MAULANA','L',56),(393,'0045017065','10205880','Risman','L',56),(394,'0045016977','10205881','Rival Ardiansyah','L',56),(395,'0051410625','10205882','Rizky Aditya Pratama','L',56),(396,'0054531803','10205883','Robul Maulana','L',56),(397,'0045538407','10205884','SANDI SETIAWAN','L',56),(398,'0045198829','10205885','Sendi Nuramadani','L',56),(399,'0042829783','10205886','SEPTIAN PUTRA NUGRAHA','L',56),(400,'0045215175','10205887','AGIL SETIAWAN','L',57),(401,'0051731070','10205888','Akbar Nurhidayat','L',57),(402,'0045439761','10205889','AKBAR PAUZI','L',57),(403,'0045016980','10205891','Burhan','L',57),(404,'0045017217','10205892','CANDRA SUPRIADI','L',57),(405,'0059011941','10205893','Davi Purnama Juniawan','L',57),(406,'0047318657','10205894','DIMAS GILAND SATRIO','L',57),(407,'0045210968','10205895','Doni Nopriyana','L',57),(408,'0047904755','10205896','Erik Nurjaman','L',57),(409,'0045439672','10205897','EXSA SELPIANA','P',57),(410,'0045017055','10205898','Fajar Muhamad Sidiq','L',57),(411,'0045439690','10205899','Hasby Assydiky','L',57),(412,'0045211394','10205900','Ifan Zulvian','L',57),(413,'0045450274','10205901','IQBAL IRAWAN ','L',57),(414,'0044476202','10205902','LEVI','L',57),(415,'0051096984','10205903','MUHAMAD LUTFI HUTAMA','L',57),(416,'0045017036','10205904','Nopandi Nur Salam','L',57),(417,'0051730659','10205905','Prastyo Bimo Wicaksono','L',57),(418,'0045214072','10205906','RAPI AHMAD PAUZI','L',57),(419,'0045199673','10205907','Rafly Izadin Rojabi','L',57),(420,'0045017236','10205908','REGI','L',57),(421,'0030207669','10205909','REZA FAHREZI','L',57),(422,'0048495913','10205910','RIAN RAMADANI','L',57),(423,'0045538536','10205911','RIANTO','L',57),(424,'3042951044','10205912','RIKI RIKARDO','L',57),(425,'0006208008','10205913','RIO RAMADHAN','L',57),(426,'0055820034','10205914','Sarirrus Shofi Ramadani','L',57),(427,'0045333060','10205915','SENDI DIMAS AL VANZA','L',57),(428,'3057933869','10205916','THORIQ NUR WAHID','L',57),(429,'0042427308','10205917','Toni Faturahman','L',57),(430,'0045210965','10205918','Wanda Agustira','L',57),(431,'0043747672','10205920','YUNUS','L',57),(432,'0045170240','10205921','Yusup Perdiansah','L',57),(433,'0045450164','10205922','Zulfikar Ihsanul Abidin','L',57),(434,'0045538500','10206353','ABDUL LATIF SOLEHUDIN','L',58),(435,'0045538554','10206354','ACEP HILMAN NAWAWI','L',58),(436,'0045439732','10206355','ADANG RUSMANA','L',58),(437,'0048008439','10206356','ADRIAN PURNAMA PUTRA','L',58),(438,'0045210970','10206357','AJI RIVALDI','L',58),(439,'0045016957','10206358','ANDRIYANA','L',58),(440,'0043703744','10206359','CEPI ADRIAN','L',58),(441,'0045439800','10206360','DAVID SATRIO','L',58),(442,'0058204193','10206361','DELLA APRILIANI','P',58),(443,'0044978767','10206362','DENI RAMDANI','L',58),(444,'0047305624','10206363','DICKY BUDIAWAN','L',58),(445,'3042887900','10206364','DIMAS ADITYA','L',58),(446,'0059629619','10206365','ELSA MONIKA','P',58),(447,'0047877506','10206366','ESA CAHYANINGSIH','P',58),(448,'0045538198','10206367','FARID SETIA HERMAN','L',58),(449,'0045211148','10206368','FAZA FAUZAN ADHIMA','L',58),(450,'0038147028','10206369','FIRMAN MAULANA','L',58),(451,'0045450210','10206370','IHSAN MAULANA','L',58),(452,'0044270022','10206371','ISAN DANISWARI','L',58),(453,'0044579378','10206372','IWAN','L',58),(454,'0045017068','10206373','JAJANG NURJAMAN','L',58),(455,'3046550904','10206374','MOH. ALVIN PRAYUDHA','L',58),(456,'0052818126','10206375','MUHAMMAD KASYFIL HAQ','L',58),(457,'0045120232','10206376','NURDENI SUPRIADI','L',58),(458,'0038519540','10206377','RAHMAT MAULUDIN ABDUL ROSID','L',58),(459,'0045210931','10206378','RENDIKA FRIZKY NUGRAHA','L',58),(460,'0045450184','10206379','RESTU MAULUDI RAHAYU','L',58),(461,'0051396540','10206380','RIFKI SYAIFULLOH','L',58),(462,'0043607347','10206381','RIO ALFIANA PUTRA','L',58),(463,'0063081540','10206382','RIZAL ARDIANSAH','L',58),(464,'0045538551','10206383','SAEFUL ULUM','L',58),(465,'0047177172','10206384','SYEPIYANSYAH','L',58),(466,'0045439457','10206385','TESA PURNAMASARI','P',58),(467,'0045017135','10206386','WAHYU HIDAYAT','L',58),(468,'0053984586','10206387','UJANG NAWAWI ASHARI','L',58),(469,'0045439575','10206388','ACEP ERSA NURSAMSI','L',59),(470,'0045198857','10206389','ACHMAD FADIL HERDIYANA','L',59),(471,'0045170237','10206390','Adista Setiawan','L',59),(472,'0045450173','10206391','Agil Lugina','L',59),(473,'0048443563','10206392','ANDHIKA GUSTIAWAN','L',59),(474,'0043264780','10206394','Dede Hendarto','L',59),(475,'0045439730','10206395','Faisal Zulpikri','L',59),(476,'0055185676','10206396','Husni Palah','L',59),(477,'0058444749','10206397','Indra Febriansyah','L',59),(478,'0045214501','10206398','INDRA SAEFUL JAMILI','L',59),(479,'3044634682','10206399','IQBAL JAENUDIN','L',59),(480,'0045450188','10206400','Ira Sintia','P',59),(481,'3040939959','10206401','IRFAN RAMDANI','L',59),(482,'0047344425','10206402','KARYATI','P',59),(483,'0045211419','10206403','Lufi Nurhakim','L',59),(484,'0044761142','10206404','M. Rijal Jidan Predi Purnama','L',59),(485,'0049039813','10206406','Moch. Adrian Eigistyra Ananda Sebastian','L',59),(486,'0045211664','10206407','MUHAMAD AGIS','L',59),(487,'0051393393','10206408','MUHAMAD ARIEL TISSA PERMANA','L',59),(488,'0045214563','10206409','MUHAMAD DZIKRI FAUZI','L',59),(489,'0045121987','10206410','MUHAMAD PARIZ','L',59),(490,'0046411464','10206411','MUHAMMAD NAZRIAL HASAN','L',59),(491,'0045017202','10206412','PAJAR PADILAH','L',59),(492,'3031688123','10206413','PIKRI PAUJI','L',59),(493,'3051423693','10206414','RAIHAN AYATUR ROHMAN','L',59),(494,'0045199159','10206415','Rendi Paisal','L',59),(495,'0042269715','10206416','RIKI ARDIANSYAH','L',59),(496,'0052951410','10206417','RISMAWATI','P',59),(497,'0033116419','10206418','Sahrul Anggara','L',59),(498,'0032763835','10206419','SENDI AGUSTIAPUTRA','L',59),(499,'3045510096','10206420','SIGIT PUTRA PRATAMA','L',59),(500,'0045450195','10206421','Sri Anisa','P',59),(501,'0045450158','10206422','Tito Aprianto Pamungkas','L',59),(502,'0045279916','10206031','Abdul Rusli','L',45),(503,'3046485686','10206032','ACHMAD FASTABIQUL ILMI','L',45),(504,'0045211079','10206033','ADAM','L',45),(505,'0041644116','10206034','Agus Setiawan','L',45),(506,'3058582716','10206035','AI HANI FADILAH S.M','P',45),(507,'0048615581','10206036','Ara Nurdiansyah','L',45),(508,'0052978423','10206037','ARDIS ILHAM AHMAD','L',45),(509,'0044854781','10206038','Arip','L',45),(510,'0045210705','10206039','BAGAS NURTOPAN','L',45),(511,'3181303620','10206040','DEDE PITRIYANI','P',45),(512,'0045017019','10206041','DESI YULIA','P',45),(513,'0045211158','10206042','Dian Nurdiani','P',45),(514,'0044978313','10206043','DIANOVA IRWI','P',45),(515,'0045211421','10206044','Dinda','P',45),(516,'0041103770','10206045','Elsa Nurdini','P',45),(517,'0045537175','10206046','ERLANGGA KURNIAWAN','L',45),(518,'0045439626','10206047','Esa Susilawati','P',45),(519,'0044126444','10206048','FANI OKTAVIANI PUTRI','P',45),(520,'0045538404','10206049','FULKI IZZA HAIDAR FAJAR','L',45),(521,'0049261926','10206050','HESTI','P',45),(522,'0045214589','10206051','Kamelika Tri Wahyuni','P',45),(523,'0057692919','10206052','Lia Afrianti','P',45),(524,'0049228648','10206053','LIRA NURMALA','P',45),(525,'0045461612','10206054','Listia Aulia Farhani','P',45),(526,'0051855212','10206055','Pitria Nuraeni','P',45),(527,'0059239328','10206056','Ranti Nurliah Hasanah','P',45),(528,'0056570466','10206057','RATIH RAHMAWATI','P',45),(529,'0045439636','10206058','Reno Pauzi','L',45),(530,'0045538034','10206059','REVA SYAHRANI','P',45),(531,'0045351357','10206060','Rian Andriana','L',45),(532,'0045214165','10206061','SELFI','P',45),(533,'0045016979','10206062','Tiara Imelda','P',45),(534,'0050394162','10206063','TRIA SRI UTARI','P',45),(535,'0053225928','10206064','WIDI SITI FAUZIAH','P',45),(536,'0045215173','10206065','YUNI YUNINGSIH','P',45),(537,'0048551278','10206066','Zainal Arif','L',45),(538,'3052495325','10206067','ATIQOH NUR AMALINA','P',46),(539,'0045017151','10206069','Desi Sofianti Aulia','P',46),(540,'0045439802','10206070','DIAN ALAM SORY','L',46),(541,'3046114996','10206071','Egit Nurangga','L',46),(542,'0044247236','10206072','Eka Nurlita Sari','P',46),(543,'0045537179','10206073','ELSA SRIFUZZIANI','P',46),(544,'0045439762','10206074','ERVAN IRAWAN','L',46),(545,'0045538506','10206076','Fauzan Fathu Rohman','L',46),(546,'0045198732','10206077','Fikri Muhammad Ilham','L',46),(547,'0045199169','10206078','FILDA NATASYA','P',46),(548,'3048451264','10206089','Fitri Nurani','P',46),(549,'3059810852','10206079','GALIH NURIZKIAN FATHUS SALAM','L',46),(550,'0045450374','10206080','Gina Khoerunnisa','P',46),(551,'0053599829','10206081','INTAN PUTRI MARISKA','P',46),(552,'0044889403','10206082','Irgi Lusiyana Purwanto','L',46),(553,'0045537178','10206083','JINGGA FEBRIANTI','P',46),(554,'0057453405','10206084','LISNA NUR LATIFAH','P',46),(555,'3059277429','10206085','MUHAMAD DAVA NUGRAHA','L',46),(556,'0041604570','10206086','Nazwa Nur Syabila ','P',46),(557,'0045290270','10206087','Nuryanti','P',46),(558,'0042043437','10206088','Oki Nugraha','L',46),(559,'0045199800','10206090','RESI NURSETRA','P',46),(560,'0046291786','10206091','RIA AGUSTINA','P',46),(561,'0046327121','10206092','RINI ANDRIYANI','P',46),(562,'3044040501','10206093','RISMA GINANTI','P',46),(563,'3049174746','10206094','SAEPUL MILAH','L',46),(564,'0045450168','10206095','Seftiya Arta Utami','P',46),(565,'0045537311','10206096','SELINA','P',46),(566,'0045213780','10206097','SINTA AGUSTINA','P',46),(567,'0044271759','10206098','Siska Wahyuningsih','P',46),(568,'0045538548','10206099','SOPI PAUZIAH','P',46),(569,'0045538381','10206100','WIDIA AFRILIA','P',46),(570,'0045538391','10206101','WILDAN HERDIMAN','L',46),(571,'0051393717','10206102','WINDA SRINALENDRA','P',46),(572,'0045800377','10206103','Agis Lundi','L',47),(573,'0047930478','10206104','Agun Gunawan','L',47),(574,'0046041516','10206105','Dewi Launa Siam Milki','P',47),(575,'0045450170','10206106','Dinar Manda Maharani','P',47),(576,'0046180133','10206107','Dita Dewi Lestari','P',47),(577,'0038477195','10206108','ERIS NURHAKIM','L',47),(578,'0045439948','10206109','EUIS NURUL FADILAH','P',47),(579,'0051855202','10206111','Lusi Rahmawati','P',47),(580,'0036824944','10206112','Meti','P',47),(581,'0046682551','10206113','Muhamad Yassin Ashari','L',47),(582,'0043341936','10206114','MUHAMMAD REZA MAULUDIN','L',47),(583,'0049926809','10206115','NOVI SINTIA','P',47),(584,'0056437364','10206116','PAHMI','L',47),(585,'3059612299','10206117','RAHMA NURLAILA','P',47),(586,'0045439724','10206118','Rani Herawati','P',47),(587,'0045538465','10206119','RIPAL ALI NURDIN','L',47),(588,'0045290401','10206120','RIPKI MAULANA','L',47),(589,'0051410821','10206121','RIVAN FADILAH','L',47),(590,'0044650071','10206122','Ryan Maulana','L',47),(591,'0045017246','10206123','RYAN RYZALLULOH SYAM','L',47),(592,'0045439864','10206124','SALMAN PADILAH','L',47),(593,'0051096871','10206125','Salsabila NF','P',47),(594,'0045215367','10206126','SELA AMELIA','P',47),(595,'0042961270','10206127','SELI SELVIRA','P',47),(596,'0054146839','10206128','Sella Melisa','P',47),(597,'0041711150','10206129','Selpi Agustin','P',47),(598,'0045538358','10206130','Silpa Silpiani','P',47),(599,'0051731075','10206131','Sindi Agustri','P',47),(600,'0053484526','10206132','Sintia Rahayu','P',47),(601,'0051511848','10206133','Siska Aulia','P',47),(602,'0051835659','10206134','SITI HAPSAH RUHAENI','P',47),(603,'0057818017','10206135','Siti Mutmainah','P',47),(604,'0045214568','10206136','Siti Nuraeni','P',47),(605,'0058350379','10206137','Siti Rahma Fauzia','P',47),(606,'0047444116','10206138','Sri Rahmawati','P',47),(607,'0042283934','10206139','Ainun Fauziah','P',48),(608,'0045537230','10206140','Atit Indri Maryanti','P',48),(609,'0043962316','10206141','D. ALDI','L',48),(610,'0047140974','10206142','DANDI OKTAVIANDI','L',48),(611,'0044826495','10206143','DINA ALISTRI','P',48),(612,'0044957459','10206144','GILANG PRATAMA','L',48),(613,'0041809643','10206145','GOFAR ABDUL HOLIK','L',48),(614,'0045170239','10206146','Karmilah','P',48),(615,'0045450159','10206147','Mei Saroh','P',48),(616,'0051854882','10206148','Meti Kinanti ','P',48),(617,'0045569634','10206149','MILA DEWI NURAINI','P',48),(618,'0042963875','10206150','MUHAMAD FIKRI ANDES','L',48),(619,'0049556045','10206151','Nelsa','P',48),(620,'0058054129','10206152','NOPA HELMALIA','P',48),(621,'0045439538','10206153','NURUL HIKMAH','P',48),(622,'3048355093','10206154','RAHMAWATI','P',48),(623,'0044854794','10206155','Sendi','L',48),(624,'0045538362','10206156','Siti Nuraeni','L',48),(625,'0038536305','10206157','Soni Sandria','L',48),(626,'0046803604','10206158','Sri Wahyuni','P',48),(627,'0046249258','10206159','SUKMA RAMDANI','L',48),(628,'0051106598','10206160','SUSANTI','P',48),(629,'0051396259','10206161','Syamsul Nurip Hidayat','L',48),(630,'0053807277','10206162','Tasya Amalia Muharomi ','P',48),(631,'0049511083','10206163','TIA SANTIKA','P',48),(632,'0045538031','10206164','TIARA SRI YUNIANINGSIH','P',48),(633,'0044975128','10206165','Toni Maulana','L',48),(634,'3048337905','10206166','TRISYA SRIWULAN','P',48),(635,'0045211411','10206167','Tuti Siti Patimah','P',48),(636,'0058692530','10206168','Wika Septiani','P',48),(637,'0051854872','10206169','Windi Yani','P',48),(638,'3043947529','10206171','YANGGI SETIAWAN','L',48),(639,'0055079062','10206172','YESA','P',48),(640,'0051399453','10206173','YESI','P',48),(641,'0048612724','10206174','Zia Nurul Salwani','P',48),(642,'0045199179','10206175','Zidan Rachmat Pathoni','L',48),(643,'3043495232','10205707','ADRIAN MAULANA RAMADHAN','L',52),(644,'0051399703','10205708','AGI ANGGARA','L',52),(645,'0045214591','10205709','Agi Ruswandi','L',52),(646,'0045213847','10205710','AGNI MAULANA SIDQI','L',52),(647,'0045214559','10205711','AGUNG PUJIANA','L',52),(648,'0045332668','10205712','Ahmad Basarrudin','L',52),(649,'0051410820','10205713','AHMAD LUTFI ZULPIKOR','L',52),(650,'0045537325','10205714','ALDI FAJAR RIZALDI','L',52),(651,'0045537181','10205715','ALFHARISQY AULYA FIRLANDSYAH','L',52),(652,'3003023277','10205716','ALIE MUMIN RAHMAN','L',52),(653,'0045210703','10205717','Alka Muhandis','L',52),(654,'3030525619','10205718','ALPIN','L',52),(655,'0042647250','10205719','Andi Sopian','L',52),(656,'0045537236','10205720','Andre Agustian','L',52),(657,'0051399459','10205721','ARIA RITMANA PORTIBI','L',52),(658,'0047141767','10205722','Aris Risdiansah','L',52),(659,'0044589519','10205724','Bayu Firdaus','L',52),(660,'0045439766','10205725','DENDI','L',52),(661,'0045214493','10205727','JEPRI AL MAHMUDIN','L',52),(662,'3048163803','10205728','M FARHAN NUSAGBAN','L',52),(663,'0046990068','10205730','Marwan Wahyudi','L',52),(664,'0048925629','10205731','MOHAMAD SOFA NUDIN','L',52),(665,'0045198854','10205732','Muhamad Yusup','L',52),(666,'0048991166','10205733','PALIK IZZA HAIDAR FAJAR','L',52),(667,'0045214595','10205734','Randi Ramdani','L',52),(668,'0032989522','10205735','Reja Ramdani','L',52),(669,'0053749915','10205736','RIDHO PURNAMA WICAKSONO','L',52),(670,'0045923359','10205738','SANSAN ABDUL ROHMAN','L',52),(671,'3031991522','10205739','SIGIT ARDIANTO','L',52),(672,'0045213940','10205740','Teguh Ramdan Firmansyah','L',52),(673,'0058508714','10205741','WENDY RUSMANA','L',52),(674,'0046823696','10205742','YOGA YOLANDA','L',52),(675,'0044261706','10205743','Aditya Putra','L',53),(676,'0028356559','10205744','AKMAL NURHOLIK','L',53),(677,'0038535249','10205745','ALFIANSYAH','L',53),(678,'0047308114','10205746','Asep Aril Putra','L',53),(679,'0055822220','10205747','AYI ARYANDI','L',53),(680,'0034541132','10205748','AZIS HANDIANA','L',53),(681,'0045211480','10205749','Bili Sona Riawan','L',53),(682,'0038536170','10205750','Cecep Budianto','L',53),(683,'0044202754','10205751','Daniel Yuda Aditya','L',53),(684,'3047337905','10205752','DEDE ERIK RAMDANI','L',53),(685,'0045048548','10205753','DENDRA RIZKI MAULANA','L',53),(686,'0054783754','10205754','DERI FEBRIANA','L',53),(687,'0045199178','10205755','Dian Seftian','L',53),(688,'0045439814','10205756','DIMAS ANANTA','L',53),(689,'0030207643','10205757','DODI SETIADI','L',53),(690,'0045213854','10205758','FAHMI ADRIYAN','L',53),(691,'0045215080','10205759','Fahri Fauzi','L',53),(692,'0045211127','10205760','Faiz Ikhsani','L',53),(693,'0045214216','10205761','FIKRI','L',53),(694,'0045214879','10205762','Fikri Husaeni','L',53),(695,'0048331301','10205763','Herdi Herdiana','L',53),(696,'0045984390','10205764','Husnil Bagas','L',53),(697,'3043242862','10205765','IHSAN SAEPUL ULUM NUGRAHA','L',53),(698,'0045210967','10205766','NINDA ADE LINA','P',53),(699,'0044845436','10205767','PERDI ALPARIJI','L',53),(700,'0056928106','10205769','RAFI AHMAD FAUJI','L',53),(701,'0056834553','10205770','RIFAL APRIADI','L',53),(702,'0045606440','10205771','Rifki Muhamad Fauzi','L',53),(703,'0033341189','10205772','Sendi Lukmantara','L',53),(704,'0045199160','10205773','TANTO IRAWAN','L',53),(705,'0045213889','10205774','TAUFIQUL HUDA','L',53),(706,'0045211043','10205775','YOGA PAJRUL PALAH','L',53),(707,'0051399529','10205776','YOGI ILHAM NUR IKHSAN','L',53),(708,'0045017017','10205777','YUGA PRAYUGA UTAMA','L',53),(709,'0046524673','10205778','YUSMANA','L',53),(710,'3047454834','10205779','ABDUL AJIJ NURUL PAHMI','L',54),(711,'3048490093','10205780','ADITHIA NUGROHO','L',54),(712,'0045537180','10205781','AGUN GUNAWAN','L',54),(713,'0051096895','10205782','ARFI MUHAMAD AFRIZA','L',54),(714,'0047157786','10205783','AZRA DWI PRADIVA','L',54),(715,'0045017021','10205784','FAUZAN RESTU BUDIANSAH','L',54),(716,'0045537979','10205785','HENDRIYANA','L',54),(717,'0045213757','10205786','IKBAL MAULANA','L',54),(718,'0038635686','10205787','IMANDA HILMANSAH','L',54),(719,'0045198717','10205788','Irfan. F','L',54),(720,'0045537971','10205789','IYAS ADITIYA','L',54),(721,'0045214060','10205790','Jaka Musadad','L',54),(722,'0044943518','10205791','JAMAL RIZALDI','L',54),(723,'0048189515','10205792','JERI','L',54),(724,'0065390692','10205793','JUNIAR PIRGIANSYAH','L',54),(725,'0035571793','10205794','M ARYA MANDALIKA','L',54),(726,'0051096862','10205795','M RAFLY ANDIKA PERMANA','L',54),(727,'0056462933','10205796','M. ILHAM FAUZIL HAJ','L',54),(728,'3051832484','10205797','MOH. IKBAL MAULANA','L',54),(729,'0045211156','10205798','Much. Trisna Agustian','L',54),(730,'0058045206','10205799','Muhamad Alfarizi','L',54),(731,'0038536180','10205800','Muhamad Arif Alfalak','L',54),(732,'0044260469','10205801','Muhamad Pariz Pangestu','L',54),(733,'3043196291','10205802','MUHAMAD RAFI REZA JAOHARI','L',54),(734,'0048153860','10205803','Muhamad Sulton Rijali','L',54),(735,'0045537123','10205804','Muhammad Ropin','L',54),(736,'0047891170','10205805','NAQRIZ HADI RIZKI PUTRA PRATAMA','L',54),(737,'0045211149','10205806','Nurholis Maulana','L',54),(738,'0047538259','10205807','Nurul Mubin','L',54),(739,'3045637481','10205808','RAFLI PERMANA','L',54),(740,'0049431837','10205809','REYHAN ABDUL JABAR','L',54),(741,'3053696755','10205810','RIJAL EPENDI','L',54),(742,'0045538357','10205812','Thoat Abdul Farid','L',54),(743,'0048677104','10205813','TIAN SETIAWAN','L',54),(744,'3041903808','10205814','TIRTA  AL- QADRY RAHIMIN','L',54),(745,'0047468748','10205815','Abang Muhammad Syah','L',55),(746,'0049448730','10205817','AHMAD DEDE SALMAN','L',55),(747,'0044974853','10205818','Ahmad Ilham Nurhidayat','L',55),(748,'0045538210','10205819','Andika Pratama','L',55),(749,'0045211152','10205820','Deni Yuda','L',55),(750,'0045211069','10205821','Dika Nugraha','L',55),(751,'0044161551','10205822','ERIS SETIAWAN','L',55),(752,'0045017219','10205823','Erpin','L',55),(753,'0045213770','10205824','HENDRA HERMAWAN','L',55),(754,'0053995778','10205825','Hermawan Fauzi Pikri','L',55),(755,'0045378494','10205826','Mozart Zupiter Agata','L',55),(756,'0051410815','10205827','MUH. HIKAM FAUZI','L',55),(757,'0038536093','10205828','Muhamad Haris','L',55),(758,'0045210832','10205829','Muhamad Rizal','L',55),(759,'3052081603','10205830','NURYAMAN','L',55),(760,'0045017035','10205831','Radepa Dean Nova Ramadan','L',55),(761,'0044976417','10205832','RANGGA ARIYA YUDHA','L',55),(762,'3048306626','10205833','REPSI MAULANA','L',55),(763,'0043422277','10205834','REYNALDI AZIES','L',55),(764,'0051393724','10205835','Rhamdani Apyuna','L',55),(765,'3049052577','10205836','RIDO ARDI RAMADHAN','L',55),(766,'0045279292','10205837','Rifa Nur Hidayat','L',55),(767,'0045450835','10205838','RIFAN MAULANA','L',55),(768,'0051368815','10205839','RIHKI MAULANA M','L',55),(769,'0045211420','10205840','Ripqi Fauzi Rahman','L',55),(770,'0051395829','10205841','Riswanto Tatan Hidayat','L',55),(771,'0045198721','10205842','Saca Maulana','L',55),(772,'0045279306','10205843','Sandi','L',55),(773,'3044426526','10205844','SOPWAN FIKRI','L',55),(774,'0052929117','10205845','SOPYAN SAURI','L',55),(775,'0051096896','10205846','TATA MUHAMAD WILDAN','L',55),(776,'0047196920','10205847','WISNU','L',55),(777,'0045279848','10205848','Yaman Nurjaman','L',55),(778,'0045164794','10205849','YOGA NUGRAHA','L',55),(779,'3047098635','10205850','ZIDAN MAULANA','L',55),(780,'0066248225','10216863','ADE LIA ROYANI','P',43),(781,'0056419493','10216864','ADISTI TAQWA NURANI ','P',43),(782,'0048337959','10216866','AI RESI','P',43),(783,'0067416114','10216868','AMANDA MAULIDA PADJRIAH','P',43),(784,'0054093167','10216869','ANA NURJANAH','P',43),(785,'0048275735','10216870','CANTIKA NOVIANI','P',43),(786,'0058478811','10216871','DELA NIRMALA','P',43),(787,'0051859548','10216872','DESI PUSPITA SARY','P',43),(788,'0065555999','10216874','EGA JULIANTI NUR SOPYAN','P',43),(789,'0045441835','10216875','ILYAS NURASYIPA','L',43),(790,'0051488151','10216876','ISNI JULIANA','P',43),(791,'3064873678','10216877','MUHAMAD AKBAR DENDI AGUSTIAN','L',43),(792,'0056554160','10216878','NABILA DWI JULIANTI','P',43),(793,'0057316279','10216879','NEHA NURMAYANTI','P',43),(794,'0051748052','10216880','NURAHMAN MOCH FAZRI','L',43),(795,'0051750075','10216881','OKTAVIA RAHMADANI','P',43),(796,'0066759328','10216882','PIRGIN PEBRI ANJANI','P',43),(797,'0051936570','10216883','RAHMA NURUL FADILAH','P',43),(798,'0055444179','10216884','RESA APRILIA','P',43),(799,'0056451469','10216885','RESMA LINANDA','P',43),(800,'0059428062','10216888','SITI MARYAM SIPAUJAHRA','P',43),(801,'0059794445','10216889','SITI NURHOLIPAH','P',43),(802,'0045074096','10216890','SOPIA PERONIKA','P',43),(803,'0054968801','10216891','TIA NOVITA','P',43),(804,'0053593286','10216892','TRIA OKTAVIANI','P',43),(805,'0067879148','10216893','YUNI YULIS NIATI','P',43),(806,'0051037861','10216894','ADELIA CAHYA NIRMALA','P',44),(807,'0064984615','10216895','AI DELVIA','P',44),(808,'0055259086','10216897','AINUN TRI UTAMI','P',44),(809,'0057630889','10216898','ALINA CAHYANI','P',44),(810,'0068822321','10216899','AMELIA','P',44),(811,'0056983415','10216900','AULIA PITRI NURTIKA','P',44),(812,'0058038719','10216901','DEA YULI YULIANTI','P',44),(813,'3065431105','10216902','DELA RINTA RAHIMAH','P',44),(814,'0053635687','10216904','DINI DWI ANDIKA','P',44),(815,'0052696341','10216905','ELIS MASITOH','P',44),(816,'0059482675','10216906','INTAN NURAMADHANI','P',44),(817,'0065529783','10216907','LIA AYU YULIANI','P',44),(818,'0052638232','10216908','NABILA ALYA MINGGANA','P',44),(819,'0056984258','10216909','NABILA LISTIANAWATI','P',44),(820,'0069639535','10216910','NENG LULU','P',44),(821,'0062000112','10216911','NURMALIA PUTRI','P',44),(822,'3057456914','10216912','PENY HIYATUL AULIA','P',44),(823,'0068253186','10216913','RAHMA GALIH','P',44),(824,'0076639018','10216914','RENA','P',44),(825,'0051612819','10216915','RESA KURNIA','P',44),(826,'0051365744','10216916','SELVI ADHARA PUTRI','P',44),(827,'0069717818','10216917','Silvia Riska Mariska','P',44),(828,'0056652124','10216918','SITI KHOERIAH','P',44),(829,'0059497986','10216920','SITI RAHMAWATI','P',44),(830,'0051835785','10216921','SYLAH NURFALAH','P',44),(831,'0056553839','10216922','TINA TIARA','P',44),(832,'0048240141','10216923','VINDY SEPTIANI','P',44),(833,'0062035114','10216924','ZENI FAUZIA','P',44),(834,'0061357525','10216926','AKMAL ADZAKWAN FAUZAN','L',39),(835,'0069291377','10216927','ANGGI AULIA','P',39),(836,'0056556466','10216928','CINDY MELANI','P',39),(837,'0066124657','10216929','DEA NURILAH','P',39),(838,'0054311770','10216930','DERIA NURIANI','P',39),(839,'0058207620','10216931','DWI SUGILAH RAHAYU','P',39),(840,'0053573242','10216932','ELSA IRAWATI','P',39),(841,'0053626552','10216933','ESA FITRIA','P',39),(842,'0058620176','10216934','FUTRI AMALIA','P',39),(843,'0058755786','10216935','HERAYANTI','P',39),(844,'0057651744','10216936','HILMATUL MAHMUDDAH','P',39),(845,'0064880180','10216937','INTAN PURNAMASARI','P',39),(846,'0058599212','10216938','LISTIANINGSIH','P',39),(847,'0069679593','10216939','MARSA SITI MUSNIATIN','P',39),(848,'0053911462','10216940','MELISA AULIA','P',39),(849,'0058930543','10216941','MIA ROSMIATI ANJANI','P',39),(850,'0052626658','10216942','NADIAH AZMI','P',39),(851,'0065721253','10216943','NENA SITA DJULHIZAH','P',39),(852,'0062863472','10216944','NENG RISMA APRIANTI','P',39),(853,'0058050524','10216945','OCHA FAHRIANI','P',39),(854,'0054083828','10216946','PUTRI APRILIAN','P',39),(855,'0058478038','10216947','RATIH PURWAI','P',39),(856,'0053871963','10216948','REPA LINA APRIANI','P',39),(857,'0069130820','10216949','RESTI RISTIANI','P',39),(858,'0058510664','10216950','RINDIYANI','P',39),(859,'0052710145','10216951','ROSITA NUR RAHMADANI','P',39),(860,'0052544383','10216952','SELA FITRI HENDRIANI','P',39),(861,'0063161372','10216953','SENI NURPARIDA','P',39),(862,'3062724762','10216954','SILPA KHOIRUNISA','P',39),(863,'0069955989','10216955','SIPA LAELA SARI','P',39),(864,'0062198732','10216956','SRI CAHYA RAHMADINA','P',39),(865,'0059565470','10216957','TIKA NURAIMA','P',39),(866,'0068839717','10216958','VINA LAILATUL HIDAYAH','P',39),(867,'0057292300','10216959','ADE ELSA CAHYANI','P',40),(868,'0065957434','10216960','AL FATIH DHEA NOVA','P',40),(869,'0051424394','10216961','ANITA SELVIANI','P',40),(870,'0051772698','10216962','CINDY NURCAHYANI','P',40),(871,'0066969454','10216964','DEVIA FEBRIANTI','P',40),(872,'0051547316','10216965','EGA RAHMAWATI','P',40),(873,'0052130690','10216966','ELSA NOPIANA','P',40),(874,'0044833366','10216967','EUIS NURAENI','P',40),(875,'0064113955','10216968','GIMA ERVA ANGGARA','L',40),(876,'0051005358','10216969','HESTIA LESTARIAWATI','P',40),(877,'3051360001','10216970','INDAH KOMALASARI','P',40),(878,'0058205481','10216971','JESIKA AULIA','P',40),(879,'0059226416','10216972','LIVIA','P',40),(880,'0066079580','10216973','MEILANI PUTRI PERTIWI','P',40),(881,'0062490777','10216974','MEMEY DAMAYANTI','P',40),(882,'0067338012','10216975','MILA MIRANTI','P',40),(883,'0062975048','10216976','NAILA SOPIAH MARTA','P',40),(884,'0068821804','10216977','NENG ANISA FAJRI','P',40),(885,'0054018560','10216978','NENG TIARA CIPTA MELIANA','P',40),(886,'0061227822','10216979','PANI','P',40),(887,'0063781866','10216980','PUTRI YOLANDA','P',40),(888,'0054194981','10216981','REGINA SUCI RAMADANI','P',40),(889,'0059500105','10216982','REPI MARISKA','P',40),(890,'0051249328','10216983','REVA LUTFIAH','P',40),(891,'0067383687','10216984','RITA KOMALASARI','P',40),(892,'0058150932','10216985','SABILA NURJANAH','P',40),(893,'0069455040','10216986','SELI SILVIA','P',40),(894,'0057590976','10216987','SEVINA WILDA','P',40),(895,'0054093633','10216988','SILVA SRIMULYANI','P',40),(896,'0052577850','10216990','SYIFA RAHMANDA','P',40),(897,'0061339541','10216991','TITA AMALIA','P',40),(898,'0057756495','10216992','WULAN ABABIL','P',40),(899,'0057292300','10216959','ADE ELSA CAHYANI','P',41),(900,'0065957434','10216960','AL FATIH DHEA NOVA','P',41),(901,'0051424394','10216961','ANITA SELVIANI','P',41),(902,'0051772698','10216962','CINDY NURCAHYANI','P',41),(903,'0066969454','10216964','DEVIA FEBRIANTI','P',41),(904,'0051547316','10216965','EGA RAHMAWATI','P',41),(905,'0052130690','10216966','ELSA NOPIANA','P',41),(906,'0044833366','10216967','EUIS NURAENI','P',41),(907,'0064113955','10216968','GIMA ERVA ANGGARA','L',41),(908,'0051005358','10216969','HESTIA LESTARIAWATI','P',41),(909,'3051360001','10216970','INDAH KOMALASARI','P',41),(910,'0058205481','10216971','JESIKA AULIA','P',41),(911,'0059226416','10216972','LIVIA','P',41),(912,'0066079580','10216973','MEILANI PUTRI PERTIWI','P',41),(913,'0062490777','10216974','MEMEY DAMAYANTI','P',41),(914,'0067338012','10216975','MILA MIRANTI','P',41),(915,'0062975048','10216976','NAILA SOPIAH MARTA','P',41),(916,'0068821804','10216977','NENG ANISA FAJRI','P',41),(917,'0054018560','10216978','NENG TIARA CIPTA MELIANA','P',41),(918,'0061227822','10216979','PANI','P',41),(919,'0063781866','10216980','PUTRI YOLANDA','P',41),(920,'0054194981','10216981','REGINA SUCI RAMADANI','P',41),(921,'0059500105','10216982','REPI MARISKA','P',41),(922,'0051249328','10216983','REVA LUTFIAH','P',41),(923,'0067383687','10216984','RITA KOMALASARI','P',41),(924,'0058150932','10216985','SABILA NURJANAH','P',41),(925,'0069455040','10216986','SELI SILVIA','P',41),(926,'0057590976','10216987','SEVINA WILDA','P',41),(927,'0054093633','10216988','SILVA SRIMULYANI','P',41),(928,'0052577850','10216990','SYIFA RAHMANDA','P',41),(929,'0061339541','10216991','TITA AMALIA','P',41),(930,'0057756495','10216992','WULAN ABABIL','P',41),(931,'0064928128','10216623','ACEP IKHSAN PARDILA','L',28),(932,'0043541293','10216624','AGIM MAULANA','L',28),(933,'0065976163','10216625','ALVIN NOPIAN','L',28),(934,'0032585162','10216626','ANISA SULISTIA NINGSIH','P',28),(935,'0059949327','10216627','ARIZALLUDIN','L',28),(936,'0063863585','10216628','BELLA TRIANY','P',28),(937,'0064674210','10216629','DESI MAUDIAH','P',28),(938,'0052198595','10216630','DINA MARIYA','P',28),(939,'0056768204','10216631','DINI HASTUTI','P',28),(940,'0063100407','10216632','FAUZI NUR ROHMAN','L',28),(941,'0055099305','10216633','GALIH PRAWITO AJIS','L',28),(942,'0061162786','10216634','HAYATUNISA','P',28),(943,'0030207664','10216635','Ikmal Agustian Pamungkas','L',28),(944,'0056260214','10216636','INDIKA PARHAN','L',28),(945,'0051296237','10216637','IRFAN MAULANA','L',28),(946,'0063514511','10216638','LILIH SAADATILAH','P',28),(947,'0051475943','10216639','MELISA SEPTIANI','P',28),(948,'0058303382','10216640','MOCHAMAD ARI YAHYA','L',28),(949,'0058712127','10216642','NENK ANDIENA SRI RAHAYU','P',28),(950,'0057842864','10216643','RAFA RIZKY GUSELDRA','L',28),(951,'0054326710','10216644','RAISYA AULIA AGUSTIN','P',28),(952,'0055853243','10216645','RESTI NUR APRILIANTI','P',28),(953,'0064001478','10216647','RISMAN NURJAMAN','L',28),(954,'0058723880','10216648','SABILA NURANTI','P',28),(955,'0051581848','10216649','SISTA','P',28),(956,'0052064461','10216650','SITI NUR MILAWATI','P',28),(957,'0052882158','10216651','SOFI SOFIATUL QISTI','P',28),(958,'0052219835','10216652','TATAN RAMDANI','L',28),(959,'0051978463','10216653','VIONI FASHA OKTAVERIUS','P',28),(960,'0059751249','10216654','YUSBAN NURIP FAUZI','L',28),(961,'0048922615','10216655','ADE IRPAN','L',29),(962,'0058246809','10216656','ALDIN ELDIYANA','L',29),(963,'0067780893','10216657','AMELIA CANTIKA PUTRI','P',29),(964,'0055223822','10216658','ARAN MEILANA','L',29),(965,'0056736082','10216659','ASTRI','P',29),(966,'0052280811','10216660','DEFA PRIYANDA','L',29),(967,'0074396986','10216661','DIANA DARMAYANTI','P',29),(968,'','10216662','FADJAR PRAMUDIA','L',29),(969,'0057315648','10216663','FAJAR ILHAM ALFARIZI','L',29),(970,'0053449737','10216664','FEBRIANI','P',29),(971,'0054489492','10216665','GEMA TEGAR PERMANA SIDIK','L',29),(972,'0045451125','10216667','IKSAN SIREGAR','L',29),(973,'0061574256','10216668','INTAN NUR`AENI','P',29),(974,'0059035752','10216669','LAILA NURULLOH','P',29),(975,'0055117743','10216670','LUPI SITI NURFAHIROH','P',29),(976,'0066621359','10216671','MIFTAH RIYADI','L',29),(977,'0044983439','10216672','MOCHAMAD NOVAL RIVALDY','L',29),(978,'0054802797','10216673','MUHAMMAD FULKI FAUZAN','L',29),(979,'0069237943','10216674','NISSA NURFADILA','P',29),(980,'0059983208','10216675','RAHMI FUJIYANTI','P',29),(981,'0054242364','10216676','RENA YULYANTINI','P',29),(982,'0055561136','10216677','REVALINA','P',29),(983,'0059353609','10216678','RIPKI ABDUL MUIS','L',29),(984,'0059021670','10216679','RISSA ERIS WIDIAWATI','P',29),(985,'0054181284','10216680','SELLY APRILIANY','P',29),(986,'0059843482','10216681','SITI ELIA','P',29),(987,'0064389787','10216682','SITI ROHMAWATI','P',29),(988,'0034610420','10216683','SRI RAHMAWATI','P',29),(989,'0056522410','10216684','TENA AMELIA','P',29),(990,'0067626292','10216685','VUTRI ANANDA MAUDI','P',29),(991,'0066669359','10216686','ZAHRA NURFAUZIAH','P',29),(992,'0066423003','10216687','Adzka Prasura Widjaya Sofyan','L',30),(993,'0061597350','10216688','ALISYA MAYASARI','P',30),(994,'0051160857','10216689','ANDRI MAULANA','L',30),(995,'0059572930','10216690','ARIS APRILIYANA','L',30),(996,'0063842155','10216691','AULIA RAHMAH','P',30),(997,'0056222900','10216694','ELSA REGINA','P',30),(998,'0063434481','10216695','FASHA REISAL RAMADHAN','L',30),(999,'0061646522','10216696','FITRA MULYA RAMDHANI','L',30),(1000,'0057439793','10216697','GINA','P',30),(1001,'0057997203','10216698','IKBAL MUHAMAD FAUZAN','L',30),(1002,'0055668907','10216699','ILHAM SYAFI`IMA`RIP','L',30),(1003,'0061641695','10216700','IRFAN HERMAWAN','L',30),(1004,'0051818465','10216701','LALA AGNESIA','P',30),(1005,'0057557941','10216702','MAHFUD SIDIQ','L',30),(1006,'0052777583','10216703','MOCH.ILHAM SAMBALAWYNI','L',30),(1007,'0058064412','10216704','MUHAMAD MUJAKI','L',30),(1008,'3052899242','10216705','NADAR FADILAH','P',30),(1009,'0055408502','10216706','PAJAR JAKARIA','L',30),(1010,'0053195558','10216707','RAIRA THIA KHOMSAH','P',30),(1011,'3065084546','10216708','REPA PEBRIANTI','P',30),(1012,'0051542858','10216709','RIHAN NURSYAMSI','L',30),(1013,'0066587112','10216710','RISKA FEBRIANI','P',30),(1014,'0064187920','10216711','ROBIAN ADIDESTANA','L',30),(1015,'0065218469','10216712','SELPI NURPADILAH','P',30),(1016,'0058499401','10216713','SITI MUSPIAH','P',30),(1017,'0068290722','10216714','SITI SOFIYAH HANIFAH','P',30),(1018,'0058019884','10216715','SUKMA LADIBIYA NIRMALA','P',30),(1019,'0056886769','10216716','TETI NUR HAYATI','P',30),(1020,'0058182706','10216717','YUDA ANDRIAN','L',30),(1021,'0063525205','10216718','ZAKY AHMAD NURZAMAN','L',30),(1022,'0056607137','10216553','ADIT TIA','L',35),(1023,'0059318750','10216554','AGUNG DELFAN FAUZAN','L',35),(1024,'0047803782','10216556','AIDIL FITRIA MOCH ALIF','L',35),(1025,'0058805236','10216557','AKMAL HERMAWAN','L',35),(1026,'0054939023','10216558','ALFIN FEBRIANSYAH','L',35),(1027,'3059020030','10216559','ANDRA HIDAYAT','L',35),(1028,'0045400696','10216560','ARI IRAWAN','L',35),(1029,'','10216561','ARMAN HIDAYAT','L',35),(1030,'0057272906','10216562','DANIL HAKIM','L',35),(1031,'0059485199','10216563','DEPIN METRIK PUJI','L',35),(1032,'0068937853','10216564','DIKMAR KUMBAR MAULANA','L',35),(1033,'0045186467','10216565','ERSAD ZAKI MULYANA','L',35),(1034,'0054729187','10216566','FAISAL RIZKY','L',35),(1035,'0058573277','10216567','FATHAN MUBINA','L',35),(1036,'0058832908','10216568','ILHAM ALI FARIZ','L',35),(1037,'0059328494','10216569','IMAM MUHAMAD YASIN','L',35),(1038,'0055248660','10216570','INDRA PERMANA','L',35),(1039,'0051200750','10216572','JAMIL MAULUDIN','L',35),(1040,'0058269581','10216573','JUAN RIZKI','L',35),(1041,'0064515910','10216574','KAUSAR','L',35),(1042,'0057355512','10216575','LUTFI MAULANA M','L',35),(1043,'0059344990','10216576','M RISKI GUNAWAN','L',35),(1044,'0053586255','10216577','MUHAMAD RIZKI RAMADAN','L',35),(1045,'0055937801','10216578','NABIL FERLIANSYAH','L',35),(1046,'0073701555','10216579','RAFI HADISYAH','L',35),(1047,'0053817539','10216580','REDA TRISA','L',35),(1048,'0043540663','10216581','RENDI SETIAWAN','L',35),(1049,'0059764733','10216584','SONI DARMAWAN ','L',35),(1050,'0051367590','10216585','TRISNA SETIAWAN RAHMADILA','L',35),(1051,'0046970266','10216586','WILDAN NUGRAHA','L',35),(1052,'0069414048','10216587','YOGA APDALAH','L',35),(1053,'0067201607','10216588','AGIS','L',36),(1054,'0051096909','10216589','AHMAD ARFA ANDRIYAN','L',36),(1055,'0048595947','10216590','AIDIL','L',36),(1056,'0053140809','10216591','AIP PADILAH','L',36),(1057,'0056014644','10216592','ALDI FIRMANSYAH','L',36),(1058,'0065011478','10216593','ANDIKA MAULANA','L',36),(1059,'0058214109','10216594','ANIF IDZHAR MUSTOPA','L',36),(1060,'0062670011','10216595','ARIF FAUJAN','L',36),(1061,'0053201550','10216597','DAVIN FADILLAH','L',36),(1062,'0067220751','10216598','DEPPI MUHAMAD FAJAR','L',36),(1063,'0049176999','10216599','ERIK SUSANTO','L',36),(1064,'0053048827','10216600','FAHRIL CANDRA SBASTIAN','L',36),(1065,'0058086646','10216601','FAIZ MADANI','L',36),(1066,'0066960379','10216602','FEBI MARDIANA','L',36),(1067,'0055965331','10216603','ILHAM RIDANI','L',36),(1068,'0055740678','10216605','IRA NALENDRA FAJAR','L',36),(1069,'','10216606','IZKI MUZAKI','L',36),(1070,'0053994045','10216607','JIDAN PAHRU ROJI','L',36),(1071,'0058033450','10216608','JULNIAWAN','L',36),(1072,'0048938979','10216609','Krisna Rahmat Hidayatulloh','L',36),(1073,'0058801982','10216610','LUTFI RAMADHAN','L',36),(1074,'0057282884','10216611','MUHAMAD RESTU','L',36),(1075,'0056531989','10216612','MUHAMMAD ROPIK WIGUNA','L',36),(1076,'0061426276','10216613','NURACHMAN BAHTIAR','L',36),(1077,'0051676876','10216614','RAJA RESTU AHMAD FAUZAN','L',36),(1078,'0059171081','10216615','REFAN RAHMAWAN','L',36),(1079,'0057903460','10216616','RIAN PERDIANSYAH','L',36),(1080,'0055817961','10216617','RIZKI RAHMAT FAUZI','L',36),(1081,'0058203472','10216618','SIGIT','L',36),(1082,'0051525820','10216619','TATA RAMDANI','L',36),(1083,'0054683442','10216620','WAHYU WAHDANI','L',36),(1084,'0053655562','10216621','WINDI SUTENDI','L',36),(1085,'0045218046','10216622','YUDA AGUS SETIAWAN','L',36),(1086,'0057147670','10217080','AGIS REVAN','L',38),(1087,'0059367061','10217081','ARIF','L',38),(1088,'0054858082','10217082','DANIEL MUHAEMIN ISKANDAR','L',38),(1089,'0054578772','10217083','DESTA MUHAMMAD FAUZY','L',38),(1090,'0045232088','10217084','EJA ABDUL RAHMAN','L',38),(1091,'0064879002','10217085','FAISAL AKBAR','L',38),(1092,'0056920700','10217086','HESA MAULANA','L',38),(1093,'0062232672','10217087','HUSNUL IHSAN','L',38),(1094,'0049377162','10217088','IKBAL','L',38),(1095,'0057401740','10217089','IPAN ABDUL ROSID','L',38),(1096,'0045538469','10217090','JULPAN A MUIZ ','L',38),(1097,'0054183220','10217091','MUHAMAD ILHAM','L',38),(1098,'0055349245','10217092','MUKTI PRIATNA','L',38),(1099,'0046980423','10217093','RAMJAYA','L',38),(1100,'0053401859','10217094','RIPAN MAULANA','L',38),(1101,'0064500991','10217095','RIZAL','L',38),(1102,'0067961479','10217096','SANDRA ILHAM','L',38),(1103,'0059452309','10217097','UJANG GIAN','L',38),(1104,'0055022945','10217098','ZAKI TAUFIK AZIZ','L',38),(1105,'0055132318','10216791','ALPI MAULANA','L',26),(1106,'0064914100','10216792','ALPI NURUL HIDAYAH','L',26),(1107,'0052985390','10216793','ALVI ALDANA','L',26),(1108,'0069858639','10216795','ANGGA YOBESTA SAKSENA','L',26),(1109,'0054236626','10216796','ANGGARA','L',26),(1110,'0048347361','10216797','ANIP NIVAL RAMDANI','L',26),(1111,'0052914893','10216798','CHANDRA BANGBANG LUKITO','L',26),(1112,'3059703561','10216800','ENI NURAENI','P',26),(1113,'0059556567','10216801','FERI SANDI','L',26),(1114,'0043624963','10216802','FIKRI MUHAMAD MUBAROK','L',26),(1115,'0059892043','10216803','GITA HERZIANTI','P',26),(1116,'','','Herdi Muhamad Rachil Faza','L',26),(1117,'0056701687','10216804','INDRI FITRIANI','P',26),(1118,'0059552329','10216805','INTAN ALMA ASHOFI','P',26),(1119,'0058765337','10216806','IPAL MAULANA','L',26),(1120,'0053619329','10216807','IPAN NUR HOLIS','L',26),(1121,'0063020171','10216808','LUTFI ABDUL HAQ','L',26),(1122,'0062923054','10216809','MELI INDRIANI','P',26),(1123,'0056871553','10216810','MIFTAH FARIDZ','L',26),(1124,'0056543337','10216811','MUHAMMAD FAZRI','L',26),(1125,'0053042256','10216812','NILAM YUNIAR','P',26),(1126,'0066585962','10216813','NIZAR MUHAMAD AZKA','L',26),(1127,'0054571272','10216814','PUTRI SALMA RAMDANI','P',26),(1128,'0056072378','10216815','PUTRI SWIDIAWATI','P',26),(1129,'0066279486','10216816','RESTU MIRA WANGI','P',26),(1130,'0056270630','10216817','REVA SEPTIANTI','P',26),(1131,'0052280963','10216818','RIZAL CARYADI','L',26),(1132,'0059358007','10216819','RIZAL FAUZI','L',26),(1133,'0054178859','10216820','RIZKI PADILAH RAMDANI','L',26),(1134,'0048367695','10216821','SIRA INDRI','P',26),(1135,'0066557065','10216822','SISKA APRILIANTI','P',26),(1136,'0061306364','10216823','SITI MUTIAH','P',26),(1137,'0053854386','10216824','TRIANA AGUSTIN','P',26),(1138,'0056965282','10216825','WULAN KAISILA','P',26),(1139,'0058421386','10216826','YUNITA','P',26),(1140,'0049613783','10217100','ALPAN NURUH HIDAYAT','L',27),(1141,'0064958425','10216827','ANNISA AMELIA','P',27),(1142,'0051796488','10216828','ARIL MAULANA','L',27),(1143,'0069008075','10216829','ARPAN FAUZI PADILAH','L',27),(1144,'0065242084','10216830','ASEP RIZAL SUTISNA','L',27),(1145,'0063298530','10216831','ASRI YULIA ANJANI','P',27),(1146,'0055846466','10216832','AULIA SABILA','P',27),(1147,'0058413886','10216834','CICI PARIDA','P',27),(1148,'0055202732','10216835','DIAN YULIANTI','P',27),(1149,'0055894519','10216836','ERIA APRILIA','P',27),(1150,'0055715682','10216837','FIKRI NURSAMSI','L',27),(1151,'0052536297','10216838','FIRMAN AONADIN','L',27),(1152,'0047257319','10216839','HAIKAL RIDWAN','L',27),(1153,'0052408913','10216840','HAMDAN ZULFIKAR','L',27),(1154,'0069657358','10216841','IRPAN MAULANA YUSUP','L',27),(1155,'0053019522','10216842','KAYLA HIMMATUL HUMAIRA','P',27),(1156,'0068485506','10216843','KIKI NURISA','P',27),(1157,'0065495510','10216844','MIRNA FEBRIANTI','P',27),(1158,'0054952965','10216845','MOCHAMAD GALANG MAULANA','L',27),(1159,'0047098174','10216846','MOH HIKMAL ALFARIZY','L',27),(1160,'0059488993','10216847','NABIL CAHYANA NUGRAHA','L',27),(1161,'0067199724','10216849','PAJAR','L',27),(1162,'0052187178','10216850','RADIT SURYA','L',27),(1163,'0054774724','10216851','RAMDANI','L',27),(1164,'0053964731','10216852','RIAN DIVAYANA PUTRA','L',27),(1165,'0062384832','10216853','RIANG JUNIANTI','P',27),(1166,'0053421585','10216854','RIZKI PRATAMA RUSTANDI','L',27),(1167,'0065707763','10216855','ROBI IKHSAN MAULANA','L',27),(1168,'0066385945','10216856','SALWA HANIFAH','P',27),(1169,'0053140646','10216857','SITI NUR RANI','P',27),(1170,'0054540980','10216858','SITI NURHAYATI RAMADANI','P',27),(1171,'0052146351','10216859','SYAKINA AQILA FITRIAWATI','P',27),(1172,'0049586797','10216860','VINI ADINDA FITRIANI','P',27),(1173,'0047403170','10216861','YUSUP MAULANA','L',27),(1174,'0057205184','10216862','ZIDDAN MUHAMAD RAMADAN','L',27),(1175,'0062494628','10216424','ABDILAH ABDUL AZIS','L',31),(1176,'0056602951','10216425','ACEP TAOFIK HIDAYAT RAHAYU GUMELAR','L',31),(1177,'0051494128','10216426','ADI MUHAMAD NUR','L',31),(1178,'0064642542','10216427','AGIN GINAN PUADI','L',31),(1179,'0049271112','10216428','ALDI ARDIANSAH','L',31),(1180,'0054768681','10216429','ANDI FAJAR MAULANA','L',31),(1181,'0054378529','10216430','ANDRE MAULANA MUHUMMAD','L',31),(1182,'0054117185','10216431','ARIEL ANGGARA','L',31),(1183,'0054952306','10216432','BANYU SELAMET','L',31),(1184,'0053831573','10216433','DANIL TUAN KAMPUNG','L',31),(1185,'0055503932','10216434','DENDI ARYANTO','L',31),(1186,'0056503866','10216435','DIKI PRIADI','L',31),(1187,'0013026147','10216436','DUDI NURYADIN','L',31),(1188,'0066424198','10216437','FAJAR IMAM AUNURAHMAN','L',31),(1189,'0059168896','10216438','HENDRIK HERDIANA','L',31),(1190,'0055126998','10216439','IKBAL NURHAKIM','L',31),(1191,'0056662404','10216441','M ABDUL BASIT','L',31),(1192,'0059198151','10216442','MOCH ALVIN DWIPUTRA SEBASTIAN','L',31),(1193,'0056903895','10216443','MUHAMAD PATHUR AGUSTIAN','L',31),(1194,'0054790837','10216444','MUHAMAD TAUFIK','L',31),(1195,'0068200478','10216445','NADIF RIDWAN MAULANA','L',31),(1196,'0054901661','10216446','PAJAR ILHAM MIPTAHUDIN','L',31),(1197,'0048723991','10216447','RAFI NUGRAHA','L',31),(1198,'0059516726','10216449','REZA MUNFARIZ','L',31),(1199,'0056113324','10216450','RIKO ANDRIANO','L',31),(1200,'0052567424','10216451','RIVAN CAHYA PRATAMA','L',31),(1201,'0054173084','10216452','SENDI MUHAMAD YUSUF','L',31),(1202,'0054782835','10216453','SONY SUTISNA','L',31),(1203,'0051100514','10216454','UJANG AHMAD FAUZAN','L',31),(1204,'0052725696','10216455','YANGYANG FAHMI LIDIKRI','L',31),(1205,'0052625144','10216456','YUKI RADIT RADIANSAH','L',31),(1206,'0058333011','10216457','ABDUL AZIZ','L',32),(1207,'0061545120','10216458','ADE BARID ASIPA','L',32),(1208,'0051300921','10216459','ADIT','L',32),(1209,'0053331461','10216460','AKBAR','L',32),(1210,'0054112947','10216461','ALDI ARDIANSAH','L',32),(1211,'0053866271','10216462','ANDI FIRMANSYAH','L',32),(1212,'0054601002','10217101','ANDRE RIZKY MULYANA','L',32),(1213,'0066900590','10216463','ANGGA MAULIDYAFI','L',32),(1214,'0051970011','10216464','ARIF EFRILIYANTO','L',32),(1215,'3050767211','10216465','BIMA SAKTI HERMAWAN','L',32),(1216,'0051120184','10216466','DAVA ASFAUZI RAMDANI','L',32),(1217,'0057643955','10216467','DENDI ZAENUL ANWAR','L',32),(1218,'0058167288','10216468','DIO DIRAWAN','L',32),(1219,'0051591516','10216469','FAHMI HUSNI RIDHO','L',32),(1220,'3059116756','10216470','FARIZ FIRMANSYAH','L',32),(1221,'0049284776','10216471','HERLY HERLAMBANG','L',32),(1222,'0067075078','10216472','ILHAM','L',32),(1223,'0059283725','10216473','JIDAN NURPAUJAN','L',32),(1224,'0068882096','10216474','M. IRFAN HILMI','L',32),(1225,'0059981449','10216475','MUHAMAD AKBAR SIDIK','L',32),(1226,'0051874388','10216476','MUHAMAD AURELLIO','L',32),(1227,'0062391738','10216477','MUHAMMAD GARIN NAUFAL','L',32),(1228,'0057203784','10216478','NOPAL','L',32),(1229,'0055954388','10216479','PIAN PIRMANSYAH','L',32),(1230,'0056995695','10216480','RAFLI SETIAWAN EPENDI','L',32),(1231,'0045826812','10216481','RANGGA ARYA RAMADAN','L',32),(1232,'0043337180','10216482','REZKI MAULANA','L',32),(1233,'0055047277','10216483','RIKO ANDRIANSYAH','L',32),(1234,'0057208693','10216484','RIZKI AHMAD FAUZI','L',32),(1235,'0051985229','10216485','SHOLA PUTRA KURNIAWAN','L',32),(1236,'0053989983','10216488','YOAN SEPTIAJI','L',32),(1237,'0056386152','10216490','ADE RIYAN PAMUNGKAS','L',33),(1238,'0058884137','10216491','ADITYA PRATAMA','L',33),(1239,'0054191066','10216492','AKLIP SANGGRA','L',33),(1240,'0052776549','10216493','ALPA ALPIANDI','L',33),(1241,'0043161858','10216494','ANDIKA FEBRIAN','L',33),(1242,'0041305817','10216496','ARKANANTA ARYASUTA ATTALLAH','L',33),(1243,'0055076524','10216497','CANDRA','L',33),(1244,'0051152658','10216498','DE FARIZ','L',33),(1245,'0054114687','10216499','DIAS ERLANGGA','L',33),(1246,'3069747131','10216500','DIRA PALAH HERDIANA','L',33),(1247,'0061078432','10216501','FAHRI PURNAMA','L',33),(1248,'0008400769','10216502','FAUZI MAULANA','L',33),(1249,'0058693711','10216503','HUDA FAUZAN','L',33),(1250,'0054728487','10216504','INDRA FEBRIANA','L',33),(1251,'0064865588','10216505','JUNIFAL PUTRA ACOWANDANI','L',33),(1252,'0055299146','10216507','MUHAMAD AL-FHAN HIDAYATULOHI SOLIHIN','L',33),(1253,'0064277189','10216508','MUHAMAD FARHAN MAULANA','L',33),(1254,'0045139105','10216509','MUHAMMAD RIFLA','L',33),(1255,'0058878075','10216510','NUGROHO BUDIANTO','L',33),(1256,'0052546341','10216511','PIKRI PADILAH','L',33),(1257,'0064163575','10216512','RAGIS PRANATA','L',33),(1258,'0055704339','10216513','REGI MARDANI','L',33),(1259,'3059700817','10216514','RIDWAN DWI AGITIA','L',33),(1260,'0057182501','10216515','RIVAL IKBATUL AKMAL','L',33),(1261,'0062244382','10216516','SAEPUL ULUM','L',33),(1262,'0044925744','10216517','SOLIHAT RISMAYA','L',33),(1263,'0058892939','10216518','TEDI AGUSTINA','L',33),(1264,'0064007163','10216519','WANDI RAHAYU','L',33),(1265,'0052604159','10216520','YOGA ASIK SEPTIAN','L',33),(1266,'0062096270','10216521','ABDUL RIPA`I AMIRRUDIN','L',34),(1267,'0062148872','10216522','ADI ANDRIAN','L',34),(1268,'0069814775','10216523','AGIL PERMANA','L',34),(1269,'0052664056','10216524','ALDI ARDIANSAH','L',34),(1270,'0046626104','10216525','ALPIN MAULANA','L',34),(1271,'0051367703','10216526','ANDIKA PANZI PRATAMA','L',34),(1272,'0055022160','10216527','ARDIYANSAH','L',34),(1273,'0064431631','10216528','AYUB MAULANA','L',34),(1274,'0056159751','10216529','DALIL PRAJA','L',34),(1275,'0063008315','10216530','DEDE ARDIANSYAH','L',34),(1276,'0056556811','10216531','DIK DIK','L',34),(1277,'0058282470','10216532','DONI','L',34),(1278,'0053161246','10216533','FAISAL JAMIL','L',34),(1279,'0067769085','10216534','HENDRA KURNIAWAN','L',34),(1280,'0068316428','10216535','ICHA MEISYA MAULIDYA','P',34),(1281,'0052455386','10216536','IRPAN MAULANA FEBRIAN','L',34),(1282,'0059365447','10216537','LINGGA NURISTIAWAN','L',34),(1283,'0052180257','10216538','MIFTAHUL FARIZAL','L',34),(1284,'0046463667','10216539','MUHAMAD ANDRIAN','L',34),(1285,'0067385520','10216540','MUHAMAD REHAN','L',34),(1286,'0042242856','10216541','MUHAMMAD SEPTIAN SUBAGJA','L',34),(1287,'0049379940','10216542','OBING KURNIAWAN','L',34),(1288,'0052891149','10216543','RAFAEL RAHANDIKA HADINATA','L',34),(1289,'0066692816','10216544','RAJHIB RHAMADAN KURNIAWAN','L',34),(1290,'0055459583','10216545','REVAL VERANDIO','L',34),(1291,'0057810746','10216546','RIDWAN SEPTIANA','L',34),(1292,'0061102444','10216547','RIVAL LIYANSAH','L',34),(1293,'0058744662','10216549','SONNY','L',34),(1294,'0057730508','10216551','WISNU SANJAYA','L',34),(1295,'0055410729','10216552','YOGA RAMDANI','L',34),(1296,'0062649643','10227504','AMY MAULANING TYAS','L',2),(1297,'0078994349','10227505','ARDELIA OKTI RAMADANI','P',2),(1298,'0062888613','10227506','ARI ANGGARA ROLLAN','L',2),(1299,'0076576067','10227507','CANDRA','L',2),(1300,'0068738960','10227508','CINDI AGISTIRA','P',2),(1301,'0062873564','10227509','DEDE ABDUL HIDAYAT','L',2),(1302,'0065247576','10227510','DEDE EFIT FITRIANI','P',2),(1303,'0135335230','10227511','DESI ANDRIANI','P',2),(1304,'0068720507','10227512','DESTIYANI JULILESTARI','P',2),(1305,'0067162451','10227513','DESTRI NURJANAH','P',2),(1306,'0065066247','10227514','EPRILIA SITI AJJAHRHA','P',2),(1307,'0062410743','10227515','INDAH NURAINI','P',2),(1308,'0067074586','10227516','LYRA EKA PUTRI','P',2),(1309,'0078746939','10227517','MARSYA MARSELINA','P',2),(1310,'0068619370','10227518','MUHAMAD NAZAR AHADA','L',2),(1311,'3061962334','10227519','MUHAMMAD RIZAL ANDIKA','L',2),(1312,'0072200859','10227520','NAZMA NIDA HAEVIYAH','P',2),(1313,'0075808971','10227521','NAZWA SUCIAWATI','P',2),(1314,'0077633151','10227522','NOVA NOVIANTI','P',2),(1315,'0062578517','10227523','PIPIT GUSPITAWATI','P',2),(1316,'0078752726','10227524','PUTRI SYAH`RANY','P',2),(1317,'0062715567','10227525','RATRA RAMADANI FUTRA','L',2),(1318,'0065902263','10227526','REGA GINANJAR MAULANA','L',2),(1319,'0073816697','10227527','RELISWATI','P',2),(1320,'0077297362','10227528','RITA SITI NURCAHYA','P',2),(1321,'0064916288','10227529','ROSITA','P',2),(1322,'0076923869','10227530','SANDRA YULISTRIA','P',2),(1323,'0062328875','10227531','SANTIKA RAHAYU','P',2),(1324,'0062142518','10227532','SEPTI ROSA LINDA','P',2),(1325,'0066471145','10227533','SINDI JULIANTI','P',2),(1326,'0077003211','10227534','SOVI YUDIA NINGSIH','P',2),(1327,'0078040003','10227535','SYALMA NOVITA DEWI','P',2),(1328,'0063893234','10227536','TATANG TAUFIK ROHMAN','L',2),(1329,'0057394579','10227537','TEGUH JUNAEDI','L',2),(1330,'0072446232','10227538','WILDAN AIDIL ADHA','L',2),(1331,'0074726425','10227539','WINDA DWI HERAWATI','P',2),(1332,'0061425851','10227540','AGIS SELVIA RAHMADAN','P',3),(1333,'0066984463','10227541','AJWAD ARIFA','L',3),(1334,'0072456429','10227542','AKIF AZFAR FALILLAH','P',3),(1335,'0067807060','10227543','ALIN TAMAYA','P',3),(1336,'0073429307','10227544','ANDINI DWI LESTARI','P',3),(1337,'0072026003','10227545','ASTRI PEBRINA KHOIRUN NISA','P',3),(1338,'0066532616','10227546','AURIN ARSYA FALIHAH','P',3),(1339,'0064629085','10227547','AZRIL NAUFAL NUGRAHA','L',3),(1340,'0067092656','10227548','AZRIL RIYANTO VALENTINO','L',3),(1341,'0068506078','10227549','BAGAS DWI ANDIVA','L',3),(1342,'0075286294','10227550','DAVINA KHOERUNISA','P',3),(1343,'0048079064','10227551','DIKI NURIYANA','L',3),(1344,'0074195717','10227552','DILA NURPADILA','P',3),(1345,'0061338257','10227553','ELSA PITRIA','P',3),(1346,'0068794063','10227554','EUIS ISTIKOMAH','P',3),(1347,'0082495902','10227555','EVA','P',3),(1348,'0068210726','10227556','GILANG ANGGARA  KUSAMAH','L',3),(1349,'0055586885','10227557','GINANJAR NURMAN FAUZAN','L',3),(1350,'0057009191','10227558','HENDRA MAULANA','L',3),(1351,'0078817691','10227559','IJANG RUHIMAT','L',3),(1352,'3063545085','10227560','INDRI OKTAVIANI','P',3),(1353,'0065638546','10227561','INTAN AULIA','P',3),(1354,'0065288814','10227562','JAMZAM RUDIAN TIRTA','L',3),(1355,'0068537772','10227563','MARLA LYSIA AMELIA','P',3),(1356,'0067815853','10227564','METI','P',3),(1357,'0071091186','10227565','MITA RAHMAYANTI','P',3),(1358,'0075977552','10227566','MUHAMMAD RAYHAN PRAMUDYA','L',3),(1359,'0061561586','10227567','NAYLA PUTERI AMANDA','P',3),(1360,'0058378152','10227568','RAISA NUR PADILA','P',3),(1361,'0065637042','10227569','RANDIKA ALYANA','L',3),(1362,'0074475342','10227570','ROSA LISTIANI','P',3),(1363,'0075038471','10227571','SALWA NURFAJRIAH','P',3),(1364,'0061572214','10227572','SITI MILANI','P',3),(1365,'0065618052','10227573','SITIYASA','P',3),(1366,'0062949895','10227574','VINA MEYLANI','P',3),(1367,'0067643975','10227575','ZASKIA ANJANI','P',3),(1368,'0063216775','10227576','AANG DARMAWAN','L',4),(1369,'0062840067','10227577','ARIF SANTANA','L',4),(1370,'0051134711','10227578','ARIL SUTEJA','L',4),(1371,'0068820384','10227579','FAHREZI APRILLIUS','L',4),(1372,'0074192346','10227580','FANESA LAULORA','P',4),(1373,'0069937267','10227581','FAUZAN ANDHIKA PERMANA','L',4),(1374,'0065530627','10227582','HILMAN BAYU ARDIANSAH','L',4),(1375,'0064562639','10227583','INDRI FATIMAH','P',4),(1376,'0062124825','10227584','INSAN ANDRIAN','L',4),(1377,'0051801056','10227585','ITA PUSPITASARI','P',4),(1378,'0075112007','10227586','KEZIA PUTRI VALENCIA','P',4),(1379,'0079463032','10227587','LAURA PEGA','P',4),(1380,'0061471843','10227588','MEGA AULIA','P',4),(1381,'0067938755','10227589','MEVY SEPTIANI RAHMAWATI','P',4),(1382,'0064345364','10227590','NANDO JELANG RAMADHAN','L',4),(1383,'0068759413','10227591','NESA FITRIA OKTAPIANI','P',4),(1384,'0069733252','10227592','NOPI RAHMAYANTI','P',4),(1385,'0064601143','10227593','PERDI HERMAWAN','L',4),(1386,'0061352171','10227594','PIPIH MUHIBAH','P',4),(1387,'0062926406','10227595','PUTRI NAZWA FIRDAUS','P',4),(1388,'0056556460','10227596','RESTA RISTIYANI','P',4),(1389,'0066022143','10227597','RIMA ADHARA','P',4),(1390,'0054254677','10227598','RISNI AULIA','P',4),(1391,'0071594179','10227599','RISVA APRIANI','P',4),(1392,'0065753507','10227600','SALSA OKTORA NUR RAMADANI','P',4),(1393,'0073464728','10227601','SAMSUL LATIF','L',4),(1394,'0062853839','10227602','SELA NUR PADILLAH','P',4),(1395,'0061287472','10227603','SHELSHI MARANDITA','P',4),(1396,'0068613913','10227604','SHOVIA NUR FAUZIANI','P',4),(1397,'0065624722','10227605','SINTA NURHIDAYANTI','P',4),(1398,'0062448856','10227606','SITI RIZKI MAULANI','P',4),(1399,'0066419694','10227607','SUSI SUSILAWATI','P',4),(1400,'0062054786','10227608','TAOPIK RIVAI','L',4),(1401,'0078009314','10227609','WINDA WIDAYATUL WIDAYAH','P',4),(1402,'0063113823','10227610','YUNITA BADRIYAH','P',4),(1403,'0062393361','10227611','YUSUP MANDA','L',4),(1404,'0068476956','10227612','ADIANA TRESA','L',5),(1405,'0071672662','10227613','AFLAH MIFTAHUL SANUBARI','L',5),(1406,'0077735397','10227614','AGNI RIPSI HARYATI','P',5),(1407,'0062054282','10227615','AI FERA','P',5),(1408,'0065266153','10227616','AISYA NUR FADILLA','P',5),(1409,'3073106210','10227617','ALYA FRAMADIA','P',5),(1410,'0078216389','10227618','ARIN NURPADILAH','P',5),(1411,'0066830981','10227619','ARYA DWI ANDIKA','L',5),(1412,'0063093446','10227620','DARA SHALSABILA','P',5),(1413,'0063624834','10227621','DEVI YULYANI','P',5),(1414,'0063007953','10227622','FAKHRIY AZMIY OCTAVIANDI','L',5),(1415,'0061445959','10227623','IKSANDI PERATAMA','L',5),(1416,'0071414958','10227624','KASIH PUTRI ATMAJA','P',5),(1417,'0065148768','10227625','MAULANA ALIK','L',5),(1418,'0069849805','10227626','MIRNA RAHMAWATI','P',5),(1419,'0071622409','10227627','MITALIA','P',5),(1420,'0065416489','10227628','MUHAMAD GHIYAST NADHIF','L',5),(1421,'0076073664','10227629','MUHAMMAD YOUNISH HAWAR','L',5),(1422,'0074909243','10227630','MUHAMMAD ZIDHAN MAULANA','L',5),(1423,'0076639617','10227631','NENG MALWA NURSAFA','P',5),(1424,'0061977451','10227632','RAHMA NURSAFITRI','P',5),(1425,'0076923873','10227633','RAIHAN CAHYA ABDIMAN','L',5),(1426,'0061410820','10227634','REINANDRA','L',5),(1427,'0065301457','10227635','SEPTYA DAMAYANTI','P',5),(1428,'0063835656','10227636','SERLI APRIZA','P',5),(1429,'0065425567','10227637','SILVIA NUR PREBRIYANTI','P',5),(1430,'0068173832','10227638','SINDI','P',5),(1431,'0069913986','10227639','SINDY AULIA','P',5),(1432,'0067848792','10227640','SITI NURAENI','P',5),(1433,'0055144595','10227641','SITI WAHYUNI','P',5),(1434,'0066784577','10227642','SOFY AMALIA ROSDIANI','P',5),(1435,'0073180783','10227643','WILDA WIDI','P',5),(1436,'0063640368','10227644','WILDAN PRADANA','L',5),(1437,'0068185489','10227645','WINDI PURNAMASARI','P',5),(1438,'0061557120','10227646','WINI DESRIANI','P',5),(1439,'0063199243','10227647','ZAZA AYU LAILA','P',5),(1440,'0079230579','10227396','ADE SANI','P',7),(1441,'0066337919','10227397','ANGGI','L',7),(1442,'0076782639','10227398','BANGBANG HERMAWAN','L',7),(1443,'0068939405','10227399','CAHAYA AULIYA','P',7),(1444,'3065781828','10227400','DEWI RESTI','P',7),(1445,'0062261271','10227401','DILVA AHMAD SUFI','L',7),(1446,'0067285997','10227402','FAIZ FAUZAN','L',7),(1447,'0069666565','10227403','FIRMANSYAH','L',7),(1448,'0064513571','10227404','FITRI RAMADHANI','P',7),(1449,'0063562469','10227405','GINA SAPARINA','P',7),(1450,'0061022082','10227406','IQBAL PERMANA','L',7),(1451,'0076352360','10227407','JAENAL ARIPIN','L',7),(1452,'0064548070','10227408','LAELA SARI','P',7),(1453,'0066247226','10227409','M. DANIL DARMANSYAH','L',7),(1454,'3068618255','10227410','MUHAMAD KHUSAERI','P',7),(1455,'0079695545','10227411','MUHAMAD PARIZ','L',7),(1456,'0064520093','10227412','MUHAMAD SALMAN MAULIDAN','L',7),(1457,'0074761285','10227413','MUHAMMAD PIJAR SYAH PUTRA','L',7),(1458,'0139881248','10227414','MUTIA ASAADAH','P',7),(1459,'0079875730','10227415','MUTIARA NAZWA','P',7),(1460,'0061961021','10227416','NAJWA INDIRA RAHMA','P',7),(1461,'0063808866','10227417','NIEDAR AZZAHRA NURHIDAYAT','P',7),(1462,'0063913169','10227418','PASHA ALBANI CHOLIK','L',7),(1463,'0061820896','10227419','RESI AMELIASARI','P',7),(1464,'0064292276','10227420','RESTU RENDIANA','L',7),(1465,'0072431406','10227421','REVAN AHMAD ALVI','L',7),(1466,'0051396264','10227422','RIFKI ULIL ALBAB','L',7),(1467,'0065676945','10227423','RIPANA GUSTIANI','P',7),(1468,'0069213905','10227424','RISA RAHMAWATI','P',7),(1469,'0062526980','10227425','RIVAN SANDRIA DEWA','L',7),(1470,'0068197847','10227426','SAHRUL MUSTOPA','L',7),(1471,'0061700462','10227427','SENI NOVIA RAHMAYANTI','P',7),(1472,'0074685305','10227428','SRI PRIANTI','P',7),(1473,'0067784771','10227429','VIRGY CHANDRA ADI PERMANA','L',7),(1474,'0045314072','10227430','YUDI GUNAWAN','L',7),(1475,'0063438037','10227431','ZAMZAM MAULANA','L',7),(1476,'0072582678','10227432','AHMAD PAUZAN KAMIL','L',8),(1477,'0068949910','10227433','ALVIN MAULANA','L',8),(1478,'0065164848','10227434','ANDINI RAHMAWATI','P',8),(1479,'3064387473','10227435','ANISA SITI NURJANAH','P',8),(1480,'0067957845','10227436','ARUM DWI ASSIFA','P',8),(1481,'0064770089','10227437','DHASTIN ADYTIA KUSWANTO','L',8),(1482,'0062890633','10227438','EGI SAPTA DWI PUTRA','L',8),(1483,'0075017634','10227439','FAMELLA MAULIDYA SUDRAJAT','P',8),(1484,'0062601993','10227440','FAUZAN AGENG GELAGAR','L',8),(1485,'3068652539','10227441','GIAN RIADUSORFIAH','P',8),(1486,'0067080615','10227442','HARI AKBAR RISMAWAN','L',8),(1487,'0067382058','10227443','HENDI LASMANA','L',8),(1488,'0074868828','10227444','HEPI CAHYADI','L',8),(1489,'0068756825','10227445','LEDI FIRMANSAH','L',8),(1490,'0067272605','10227446','LISA ASTIA','P',8),(1491,'0058059946','10227447','LUTPI ANGGANI','L',8),(1492,'0063032170','10227448','M. ROPI RAPLY ALMUPLIHUN','L',8),(1493,'0062835552','10227449','MOCHAMAD RIVANDY','L',8),(1494,'0066017452','10227450','NABIL','L',8),(1495,'0067715051','10227451','NANDA MASYIAH FATIHAH','P',8),(1496,'0065790793','10227452','NENDI AHMAD PAUJI','L',8),(1497,'0078922823','10227453','NUR MILATIDINI','P',8),(1498,'0071684949','10227454','NURFAJAR KUSUMA','L',8),(1499,'0065475975','10227455','NURMA MISA','P',8),(1500,'0058433778','10227456','NURMAN MAULANA','L',8),(1501,'0067196400','10227457','RANGGA WIJAYA','L',8),(1502,'9706271168','10227458','REFAN MUHAMMAD SYUKUR','L',8),(1503,'0064997392','10227459','REPA SOMANTRI','P',8),(1504,'0069805478','10227460','SAFANA RIZAL INRA','L',8),(1505,'0069819601','10227461','SALMA','P',8),(1506,'0066537196','10227462','SIFA FAUZIAH','P',8),(1507,'0065268693','10227463','SISTA NURMELINDA','P',8),(1508,'0062441555','10227464','SITI NURPADILAH','P',8),(1509,'0068644049','10227465','WILDAN','L',8),(1510,'3071704027','10227466','WINDA MEILANI','P',8),(1511,'0077502649','10227467','WINDINA MARTHA DIPUTRI','P',8),(1512,'0063743841','10227468','ADITIA','L',9),(1513,'0076876388','10227469','AHMAD BINTANG FAUZI','L',9),(1514,'0078571257','10227470','ALPI NURAENI','P',9),(1515,'0066614077','10227471','AMANDA BUNGA CITRA LESTARI','P',9),(1516,'0067370660','10227472','ANGGA HERDIANSYAH SOMANTRI','L',9),(1517,'0066662765','10227473','ANGGA SAPUTRA','L',9),(1518,'0052923986','10227474','ARIEL RISMAWAN','L',9),(1519,'0065793229','10227475','AULIA AIS','P',9),(1520,'0069234292','10227476','AYU ASTUTI','P',9),(1521,'0063998938','10227477','DELIA ANGGRAENI','P',9),(1522,'0062965661','10227478','DILA ANZANI','P',9),(1523,'0058866981','10227479','ENDE GIARA LESMANA','L',9),(1524,'0063448905','10227480','FAJRI RAMDHANI','L',9),(1525,'0063224046','10227481','GINA NUR WINDI','P',9),(1526,'0053760159','10227482','ISMA FITRIYANI','P',9),(1527,'0069790338','10227483','ITA INDIRA PRATAMA PUTRI','P',9),(1528,'0139549738','10227484','KARIN WANDASARI','P',9),(1529,'0064322775','10227485','KISWAN PIRMANSAH','L',9),(1530,'0063192261','10227486','MUHAMAD ARIZA','L',9),(1531,'3068289707','10227487','MUHAMAD MARWAN','L',9),(1532,'0059993022','10227488','MUHAMMAD FIRHAN DZAKI TAUFIQURRACHMAN','L',9),(1533,'0067159488','10227489','MUHAMMAD HIKMAH ALFI RAHMAN','L',9),(1534,'0067024393','10227490','NABIL ACHMAD RAMDANI','L',9),(1535,'0069058952','10227491','NANDA NURUL PIRDAUS','L',9),(1536,'0061384286','10227492','NATASYA','P',9),(1537,'0061007134','10227493','PAHMI PATUROHIM','L',9),(1538,'0062534745','10227494','RAIHAN MOCHAMAD FAUZAN','L',9),(1539,'0061530456','10227495','RIKA NOVITASARI','P',9),(1540,'0079802930','10227496','RIPKI AHMAD YUSUP','L',9),(1541,'0075076731','10227497','RISKI LUTFIA','P',9),(1542,'0063797793','10227498','SALMAN ALFARIS RUSTANDI','L',9),(1543,'0067581904','10227499','SALSA KARTIKA','P',9),(1544,'0067979499','10227500','SINTA NURJAZILA','P',9),(1545,'0064972098','10227501','WANDI WIJAYA','L',9),(1546,'0083965257','10227502','YAYANG NAILA DWI ARLITA','P',9),(1547,'0071525798','10227503','ZACKI FERDIANO','L',9),(1548,'0063655170','10227108','ABDUL FARID','L',10),(1549,'0066259693','10227109','AIDIL FUJIYANA','L',10),(1550,'0067759712','10227110','AIRLANGGA MAULANA','L',10),(1551,'0078179359','10227111','ALWI FAUZI ASARI','L',10),(1552,'0055566465','10227112','ANGGA','L',10),(1553,'0073401766','10227113','ARI SOMANTRI','L',10),(1554,'0054142984','10227114','ARIZ RISWANA','L',10),(1555,'0066666449','10227115','ASEP MIFTAH','L',10),(1556,'3089773851','10227116','DALFA ANANDA PUTRA','L',10),(1557,'0056364340','10227117','DASEP','L',10),(1558,'0072876823','10227118','DENI RAMADAN','L',10),(1559,'3079510089','10227119','DIEZAN SHEVA ARGHIANDRA','L',10),(1560,'0069303395','10227120','DODI RAHAYU','L',10),(1561,'0074296692','10227121','FAHMI FAUJI','L',10),(1562,'0051060590','10227122','GALANG RAMADHAN','L',10),(1563,'0071501330','10227123','ICHSAN NAWANDI','L',10),(1564,'0064782706','10227124','JAGAR HERDIANSAH','L',10),(1565,'0075845642','10227125','LUDA MAHENDRA','L',10),(1566,'3077775528','10227126','MUHAMAD AZKA SAHLAN MUZAKI','L',10),(1567,'0057204351','10227127','MUHAMAD SAHRUL MA`ARIF','L',10),(1568,'0059278470','10227128','MUHAMMAD ARIL MAULIDIN','L',10),(1569,'0064294106','10227129','MUHAMMAD INDRA AGUS MAULANA','L',10),(1570,'0068176407','10227130','MUHAMMAD MAQI RAMDHANI','L',10),(1571,'0077271162','10227131','PASA MUHAMAD RAIHAN','L',10),(1572,'0063398142','10227132','PERDIANSYAH','L',10),(1573,'0063820935','10227133','RESTU','L',10),(1574,'0051663473','10227134','RIANTO','L',10),(1575,'0076721144','10227135','RIFA PARID','L',10),(1576,'0067552600','10227136','RIFAN SAEFUL RAMADHAN','L',10),(1577,'0069415701','10227137','RIZKY RAMADANI','L',10),(1578,'0067083624','10227138','SANI GUSPIAN','L',10),(1579,'0063749146','10227139','SIPA DERISTRIA','L',10),(1580,'0072836596','10227140','SYAQILLA AGUSTIN','P',10),(1581,'0069375684','10227141','TAOFIK HIDAYAT','L',10),(1582,'0079803359','10227142','TIFANY NUR AZAHRA','P',10),(1583,'0061678421','10227143','UNUS SANUSI','L',10),(1584,'0068972063','10227144','ABDUL FAKIH','L',11),(1585,'0063376508','10227145','ABDUL WAHHAB ALHURRY','L',11),(1586,'0064990025','10227146','ADE KOMARA JULIANSYAH','L',11),(1587,'0069101188','10227147','ADI NUGRAHA','L',11),(1588,'0063384645','10227148','AHMAD AFZAN AFRIANSYAH','L',11),(1589,'0073270613','10227149','ANGGI A NUGRAHA','L',11),(1590,'0072891629','10227150','ARFAN MAULANA','L',11),(1591,'0062404597','10227151','DADAN DARMAWAN','L',11),(1592,'0068413652','10227152','EGIS MUHAMAD ASPIA','L',11),(1593,'0076473653','10227153','FAISAL ADRIYANSAH','L',11),(1594,'0065751470','10227154','FEBRIAN DWI ANGGARA PUTRA','L',11),(1595,'0063522178','10227155','IHSAN FUADI','L',11),(1596,'0069765798','10227156','KRISNA','L',11),(1597,'0076505571','10227157','LUKI ALFAUZIAN','L',11),(1598,'0067417670','10227158','M RAFFY ARDHI WIDJAYA','L',11),(1599,'0065110099','10227159','M RIFKI MAULANA','L',11),(1600,'0071707186','10227160','M. ALHAN PEBRIANA','L',11),(1601,'3054158888','10227161','MOCHAMAD YUSUF','L',11),(1602,'3062659527','10227162','MOCHAMMAD GANJAR NURJAMAN','L',11),(1603,'0066403110','10227163','MOH  DIRA GAUS RUSMANA PUTRA','L',11),(1604,'0078118221','10227164','MUHAMAD FARIZ','L',11),(1605,'0069285678','10227165','MUHAMAD KARIM ABDULOH','L',11),(1606,'0079902007','10227166','MUHAMAD REVAN MAULANA','L',11),(1607,'0067372890','10227167','MUHAMAD RIZAL STIAWAN','L',11),(1608,'0068835096','10227168','MUHAMAD ZIDAN ABDILLAH','L',11),(1609,'0069646556','10227169','MUHAMMAD FIRDAUS','L',11),(1610,'0079272337','10227170','RAFLI SOPIYANA','L',11),(1611,'0062022786','10227171','RIDWAN SYABANI','L',11),(1612,'0057409687','10227172','RIVAL MA`RIP','L',11),(1613,'0067343425','10227173','RIZA AIDIL HIDAYATULOH','L',11),(1614,'0065293778','10227174','RIZKY FAUZY RACHMAN','L',11),(1615,'0053252420','10227175','RIZWAN FAUZI','L',11),(1616,'0057321421','10227176','TIO PURNAMA','L',11),(1617,'0067591667','10227177','ZACKY FIRMAN SAPUTRA','L',11),(1618,'0078285702','10227178','ZIDAN MUHAMAD DILAGA','L',11),(1619,'0079914768','10227179','ZIDANE','L',11),(1620,'0079603906','10227180','ADE PIRMANSAH','L',12),(1621,'0064550087','10227181','ADIT PRIYANTO','L',12),(1622,'0061935634','10227182','ADLUL LATIF','L',12),(1623,'0072999215','10227183','ANGGA A NUGRAHA','L',12),(1624,'0068496812','10227184','ANGGA PRATAMA','L',12),(1625,'0068438800','10227185','ARIATIAN','L',12),(1626,'0069096590','10227186','ARIF FAUZAN','L',12),(1627,'0061048792','10227187','BAYU SAPUTRA','L',12),(1628,'0061318586','10227188','DEDE HANIF NURJAMIL','L',12),(1629,'0057554126','10227189','DERIS','L',12),(1630,'0061741992','10227190','DIAN ANDESTA SOLEHUDIN','L',12),(1631,'0061310001','10227191','DIKRI ALMUZAMIL','L',12),(1632,'0063510388','10227192','DIMAS MAULANA','L',12),(1633,'0077558700','10227193','DWI HANDIKA','L',12),(1634,'0058330562','10227194','EZZI ZOWAN','L',12),(1635,'0068283452','10227195','FAHMI MUHAMAD MAMDUH','L',12),(1636,'0068527148','10227196','FAISAL NUGRAHA','L',12),(1637,'0076489894','10227197','FIRAMDANI','L',12),(1638,'0066761295','10227198','HERU DESVIAN MAULANA','L',12),(1639,'0066208052','10227199','IIM HADIMAN','L',12),(1640,'0069414854','10227200','IMAM WINATA','L',12),(1641,'0069043716','10227201','INDRA DELAROSI','L',12),(1642,'0062771166','10227202','INDRA MAULANA','L',12),(1643,'0069751074','10227203','INDRAJAYA','L',12),(1644,'0064025610','10227204','MOCHAMAD BINTANG SUWARSO','L',12),(1645,'0069895324','10227205','OPIK','L',12),(1646,'0062611606','10227206','RADIT WINATA','L',12),(1647,'0052235578','10227207','RAHMATILAH','L',12),(1648,'0073672005','10227208','RANDI MAULANA','L',12),(1649,'0062709614','10227209','SANDI NUR FAUZI','L',12),(1650,'0068362268','10227210','SANTANA AGUSTINA','L',12),(1651,'0065086662','10227211','SENDI PEBRIANSYAH','L',12),(1652,'0064969291','10227212','TEGAR M SURYA','L',12),(1653,'0062168057','10227213','TEGAR ROMADON','L',12),(1654,'0066625537','10227214','YOGI GUNAWAN','L',12),(1655,'0064243235','10227215','ZAYYIN NULHAKIM','L',12),(1656,'0068995526','10227216','ABEL SENA','L',13),(1657,'0061738567','10227217','ADITYA','L',13),(1658,'0068563662','10227218','AHYAN SAENI','L',13),(1659,'0076486433','10227219','ANDIKA SUSANTO','L',13),(1660,'0061056586','10227220','ARDIANSYAH','L',13),(1661,'0068319943','10227221','ARIL ARDIANSAH','L',13),(1662,'0061418856','10227222','AZMI AZDANI LUTHFIAN','L',13),(1663,'0068446592','10227223','CAHYA MAULANA','L',13),(1664,'0069171611','10227224','CANDRA TRI RUSTANDI','L',13),(1665,'0069769399','10227225','CHANDRA RIZKI S','L',13),(1666,'0064228554','10227226','DANIAL AMIN','L',13),(1667,'0062301031','10227227','DAPID','L',13),(1668,'0066816077','10227228','DEDE IRSAN','L',13),(1669,'0061273452','10227229','DEDE SETIAWAN','L',13),(1670,'0067547403','10227230','FADLY FADILAH','L',13),(1671,'0064332658','10227231','FAZRI MUGIA UTAMA','L',13),(1672,'0074936915','10227232','GALANG','L',13),(1673,'0061553391','10227233','HAFIZH GRADIL MAULID','L',13),(1674,'0062904333','10227234','HILMAN MAULANA','L',13),(1675,'0051411406','10227235','LUTPI NURUL MAARIP','L',13),(1676,'0064812664','10227236','MEGI MUSLIM','L',13),(1677,'0064704779','10227237','MUHAMAD DINO HERDIANSAH','L',13),(1678,'0061389284','10227238','MUHAMAD IQBAL RAMADHAN','L',13),(1679,'0059054054','10227239','MUHAMAD ZAKI ZAKARIA','L',13),(1680,'0068379301','10227240','MUHAMMAD ZIDAN SETIAJI','L',13),(1681,'0051866061','10227241','NOVA ADI SAPUTRA','L',13),(1682,'0065379389','10227242','PAUJAN','L',13),(1683,'0067081153','10227243','RAMDANI PRATAMA','L',13),(1684,'0057818319','10227244','RANDI','L',13),(1685,'0072598149','10227245','RASYA ADITIA FADILLAH','L',13),(1686,'0066857584','10227246','REGA APRIYANA','L',13),(1687,'0062247447','10227247','RIDWAN','L',13),(1688,'0066527015','10227248','RISKI EKA PURNAMA','L',13),(1689,'0068769976','10227249','RIVANDRA AGUSTIN','L',13),(1690,'0068741772','10227250','RIZAL RAMDANI','L',13),(1691,'0065482487','10227251','RIZAM MAOLANA','L',13),(1692,'0066191707','10227252','ADIT FIRMANSYAH','L',14),(1693,'0066950324','10227253','AGIS RESTU PIANA','L',14),(1694,'0062227998','10227254','AGUS LUSKIAN','L',14),(1695,'0052733718','10227255','AJI SEPTIAN','L',14),(1696,'0068643248','10227256','ANGGA MAULANA','L',14),(1697,'0068528126','10227257','ASYIFA NUR ARDIANSYAH','L',14),(1698,'0133864700','10227258','CAHYANA','L',14),(1699,'0073627193','10227259','DIMAS TAUFIK RAHMAN','L',14),(1700,'0061921118','10227260','DONI SETIAWAN','L',14),(1701,'0067429032','10227261','HAIKAL PERMATA','L',14),(1702,'0066556062','10227262','HENDIANTO','L',14),(1703,'0076940478','10227263','IFAN NURFATHI','L',14),(1704,'0059749689','10227264','IKHSAN MAULANA','L',14),(1705,'0064101583','10227265','IRWAN MAULANA','L',14),(1706,'0068176047','10227266','KELVIN SANGGA PUTRA','L',14),(1707,'0133544615','10227267','MOH RIZAL NURFADILLAH','L',14),(1708,'0078272398','10227268','MUHAMAD ADITIYA PRATAMA','L',14),(1709,'0071456090','10227269','MUHAMAD NUR JAMJAM AL FAUZAN','L',14),(1710,'0065210603','10227270','MUHAMAD RIPALDO','L',14),(1711,'0067328418','10227271','MUHAMAD RIZAL','L',14),(1712,'0063164256','10227272','MUHAMAD YASIR','L',14),(1713,'0066644789','10227273','MUHAMMAD ZAKY ALFARIZI','L',14),(1714,'0068159743','10227274','NANDANG SUPRIATNA','L',14),(1715,'0062155735','10227275','PEBI ARDIANSYAH','L',14),(1716,'0063738154','10227276','RADITH PUTU MUNGGARAN','L',14),(1717,'0069167578','10227277','RAIHAN SIROJUL MUNIR','L',14),(1718,'0075518313','10227278','RIFA NURWALID','L',14),(1719,'0055265737','10227279','RISWANDI','L',14),(1720,'0063990133','10227280','SAIFUL UYUN','L',14),(1721,'0068565154','10227281','SAYAT','L',14),(1722,'0069735246','10227282','SENDI REIFAN','L',14),(1723,'0078856029','10227283','TEDI IRAWAN','L',14),(1724,'0061627379','10227284','TIARA NURFITRIA','P',14),(1725,'0061626437','10227285','ZAYED ARYAN SAPUTRA','L',14),(1726,'0069365146','10227286','ZHACKY ARIE YANA','L',14),(1727,'0134107816','10227287','ZIAN A MULYADI','L',14),(1728,'0068298736','10227288','ABDUL AJIS','L',15),(1729,'0064281208','10227289','ABDUL GOFUR','L',15),(1730,'0064480142','10227290','ADITIYA','L',15),(1731,'3057875358','10227291','ADOLFWILY SUGESTI','L',15),(1732,'0065885703','10227292','AGIL CAHYA SANRAISI','L',15),(1733,'0067156814','10227293','ALBI','L',15),(1734,'0061877467','10227294','ALFIN ALFIANA','L',15),(1735,'0069290926','10227295','ANDI','L',15),(1736,'0068882759','10227296','ANDRA ERLANGGA MAULANA PUTRA','L',15),(1737,'0068155314','10227297','ANJAR RINALDI','L',15),(1738,'0065345033','10227298','ARIL SANTONI','L',15),(1739,'0061026160','10227299','ASEP MAULANA YUHYI','L',15),(1740,'0066058562','10227300','AYUS FERMANA','L',15),(1741,'0056969295','10227301','DEDE MIPTAH PAUJI','L',15),(1742,'0072149785','10227302','DIMAS RANGGA YUDA','L',15),(1743,'0062670153','10227303','EZAR NUR PADILAH','L',15),(1744,'3059206564','10227304','FARHANUDIN','L',15),(1745,'0061559788','10227305','FAUZI RESKI ADITIYA','L',15),(1746,'0061837213','10227306','HERDIANA','L',15),(1747,'0065829517','10227307','HERDIANSYAH','L',15),(1748,'0052448884','10227308','ILHAM FAUZI','L',15),(1749,'0062222903','10227309','IPAN','L',15),(1750,'0053686014','10227310','KURNIAWAN EFENDI','L',15),(1751,'0062648643','10227311','LABIB NUR FAUZAN','L',15),(1752,'0065121684','10227312','MUHAMAD AFRIZAL','L',15),(1753,'0066732186','10227313','MUHAMAD RIZKI RUDIANA','L',15),(1754,'0065196808','10227314','RAMDANI','L',15),(1755,'0067658954','10227315','REVAN NUR FADILAH','L',15),(1756,'0056416721','10227316','RIAN APANDI','L',15),(1757,'0061417012','10227317','RIFKI NURUL HIDAYAT','L',15),(1758,'0055692844','10227318','RIPKI','L',15),(1759,'0057987671','10227319','RIZQKY MAULANA','L',15),(1760,'0066357456','10227320','ROMI ADITYA RIFANDI','L',15),(1761,'0062190220','10227321','SAMSUL MA`ARIF','L',15),(1762,'0064428869','10227322','SATRIA JULIANSAH','L',15),(1763,'0066546526','10227323','UJANG ALIANSYAH','L',15),(1764,'0074730483','10227324','ADITIA YUNIANTO','L',16),(1765,'0065627348','10227325','AGIT PERMANA','L',16),(1766,'0065194967','10227326','ALDI HIDAYAT','L',16),(1767,'0064415307','10227327','ALIF ARYANTO','L',16),(1768,'0065128848','10227328','ANDRA SUSWANDAR','L',16),(1769,'0067580133','10227329','ARI KUSUMA','L',16),(1770,'0066146957','10227330','ARIF RAHMAN HAKIM','L',16),(1771,'0077631027','10227331','FARHAN NUR MAULANA','L',16),(1772,'0071816846','10227332','GEMA REFIANA','P',16),(1773,'3060610313','10227333','IKBAL SAEPUL ASPAR','L',16),(1774,'0062601366','10227334','IKRAR JAYA SUKMANA','L',16),(1775,'0061093975','10227335','ISAH BELLA','P',16),(1776,'0078133617','10227336','KIRANA LUTFHY AULIA','P',16),(1777,'0069830615','10227337','KURNIAWAN','L',16),(1778,'0066012890','10227338','LENI SEPTIANI','P',16),(1779,'3065532371','10227339','M GILAS NUSANTARA','L',16),(1780,'0061618469','10227340','M. ANDRIAN MAULANA','L',16),(1781,'0065512660','10227341','MUHAMAD DENI YUSWANDI','L',16),(1782,'0063516226','10227342','MUHAMAD DZIKRI NURJAMIL','L',16),(1783,'0072842245','10227343','MUHAMAD FAHRI','L',16),(1784,'0058123212','10227344','OGI SUGIANA','L',16),(1785,'0072123533','10227345','RENALDI FIRMANSAH','L',16),(1786,'0063816426','10227346','RESTU TRIANA','L',16),(1787,'0067451739','10227347','RIPKI PRASETIO','L',16),(1788,'0055760668','10227348','RIZAL NUR PAJAR','L',16),(1789,'0076121301','10227349','ROFI WIJAYA','L',16),(1790,'0076473076','10227350','RUSLI','L',16),(1791,'0137217300','10227351','SAHRUL SAPUTRA','L',16),(1792,'0062985938','10227352','SAN SAN JAYA LAKSAMANA','L',16),(1793,'0068863644','10227353','SHEVA ANDHIKA HIDAYAT','L',16),(1794,'0068021312','10227354','SHIDQI ADITYA PRATAMA','L',16),(1795,'0074840888','10227355','SONI SUSANTO','L',16),(1796,'0065848249','10227356','TOPAN FEBRIANGGA','L',16),(1797,'0066851813','10227357','TOPIK HERMAWAN','L',16),(1798,'0068548274','10227358','USEP HIDAYAH','L',16),(1799,'0064889251','10227359','ZIDAN JULIANA','L',16),(1800,'0063971044','10227360','ADITIYA ARIYANTO HARDI','L',17),(1801,'0074537739','10227361','AFWADILAH','L',17),(1802,'0074364524','10227362','AHMAD SOPYAN ALGAOS','L',17),(1803,'0067827136','10227363','ALVIN HIDAYAT','L',17),(1804,'0064054444','10227364','AQNA ANDRIANSYAH','L',17),(1805,'0071607358','10227365','ARAS','L',17),(1806,'0064680616','10227366','BAYU','L',17),(1807,'0067839252','10227367','BILLY AKBAR','L',17),(1808,'0067475693','10227368','DANI ALWIGUNA','L',17),(1809,'0065459251','10227369','DWI ALFIN GIGIH SAPUTRA','L',17),(1810,'0068832364','10227370','FAUZAN RIFAI','L',17),(1811,'0066729080','10227371','GALANK FASHA RAMADHAN','L',17),(1812,'3073148323','10227372','GILANG RAMDAN NURAHMAN','L',17),(1813,'0067814762','10227373','HABIB','L',17),(1814,'0062575362','10227374','HARIS','L',17),(1815,'0055084136','10227375','IQBAL ARDIANSYAH TAOPIK','L',17),(1816,'0066121420','10227376','IRMAN JAYA PRIANA','L',17),(1817,'0064240195','10227377','KIKI RISMAWAN','L',17),(1818,'0067774660','10227378','KUSNANDAR','L',17),(1819,'0064931907','10227379','M. FAUZAN SAPUTRA','L',17),(1820,'0061578117','10227380','M.ALWI NURFATAH','L',17),(1821,'0061365074','10227381','MOCH IHSAN','L',17),(1822,'0072092609','10227382','MUHAMAD SABIL AZHAR','L',17),(1823,'0064749242','10227383','MUHAMAD SETIABUDI ANGGARA','L',17),(1824,'0066472225','10227384','MUHAMMAD FAILA','L',17),(1825,'0065165655','10227385','NUR IHSAN MAULANA','L',17),(1826,'0064364314','10227386','NURHIDAYAT','L',17),(1827,'0064246223','10227387','REGA KURNIA','L',17),(1828,'0066650723','10227388','RESTU JAKA PURWA','L',17),(1829,'0061407482','10227389','RIZKI NOPIYANSAH','L',17),(1830,'0065866073','10227390','SANSAN FAJRI ASYABANI','L',17),(1831,'0062560548','10227391','TIJAR JULIANA','L',17),(1832,'0073165689','10227392','TINO KARTIMAN','L',17),(1833,'0074074768','10227393','TRISYA HANDIKA','L',17),(1834,'0132312141','10227394','WILDAN NURDIANSYAH','L',17),(1835,'0062410857','10227395','WILDAN OKTAVIAN RAMADHAN','L',17),(1836,'0062128528','10227720','AKMAL FEBRIANSYAH','L',18),(1837,'0062930702','10227721','ASYIFA LAILA MUSLIMAH','P',18),(1838,'0068574609','10227722','DASEP ARIS MUNANDAR','L',18),(1839,'0077936688','10227723','DESTI NURAINI','P',18),(1840,'0063034779','10227724','DIKI AHMAD RAPII','L',18),(1841,'0075462105','10227725','DITA PUTRI FEBRIANTI','P',18),(1842,'0065305632','10227726','FEMI DANIATI','P',18),(1843,'0066893501','10227727','FUTRI OKTAVIANA','P',18),(1844,'0075442352','10227728','GHASIANY FITRI FADILLAH','P',18),(1845,'0061160382','10227729','LASTRI DIANA','P',18),(1846,'0068437720','10227730','LESIASIPA','P',18),(1847,'3065060244','10227731','MIFTAHUL JANAH','P',18),(1848,'0073536568','10227732','MUHAMMAD RAIHAN SETYAWAN','L',18),(1849,'0063540944','10227733','MUMUN MUNAWAROH','P',18),(1850,'0062691506','10227734','NAJMI AZHARI NUR FAUZIAH','P',18),(1851,'0065241781','10227735','NOPA NURAENI','P',18),(1852,'0074171877','10227736','RAHMA ULFA HERMAWAN','P',18),(1853,'0076844432','10227737','RAHMI ALIYA','P',18),(1854,'0068925359','10227738','RANGGA NUR PAMUNGKAS','L',18),(1855,'0132009537','10227739','RATU AZZAHRA FIRDAUS','P',18),(1856,'0064484621','10227740','RESA RESTU FAUZI','P',18),(1857,'0067988651','10227741','REZA MAULIDIA PASSA','P',18),(1858,'0066058554','10227742','RIDWAN MAULANA','L',18),(1859,'0062028868','10227743','RUDI MUHAMMAD FAUZI','L',18),(1860,'0067165609','10227744','SESILIA RAMADANI','P',18),(1861,'0061540386','10227745','SILVI LUTHFIA','P',18),(1862,'0061822072','10227746','SINDI WULANDARI','P',18),(1863,'0076365704','10227747','SINTA PEBRIANTI','P',18),(1864,'0065207763','10227748','SOPI NOPITA','P',18),(1865,'0072470488','10227749','SUCI MUTIARA SAFITRI','P',18),(1866,'0079528166','10227750','VINA MEILAN AZAHRA','P',18),(1867,'0064934011','10227751','WANDA HAMIDA','P',18),(1868,'0069056157','10227752','WINI NUR KARMILAH','P',18),(1869,'0079641175','10227753','YULIS MAESYA MAELANI','P',18),(1870,'0067557743','10227754','ZAHRA AULIA PUTRI','P',18),(1871,'0064915240','10227755','ZAHRA JAOZAA RAMADAN','P',18),(1872,'0066825540','10217027','AI ELISA','P',42),(1873,'0066779873','10217028','Ana Apriana','P',42),(1874,'0054868122','10217029','AULIA AMANDA','P',42),(1875,'0055877246','10217030','DEA NURFATMAWATI','P',42),(1876,'0057691298','10217031','DELI AGENG SUANDI','L',42),(1877,'0046420900','10217032','DWI CAHYA KAMILA','P',42),(1878,'0067308727','10217033','ELIS MULYATI','P',42),(1879,'0058410985','10217034','ERNI ROHAENI','P',42),(1880,'0051527595','10217035','FIDELA SUCI ADILA','P',42),(1881,'0053007778','10217036','GITA','P',42),(1882,'0064370069','10217037','HILDA APIPAH','P',42),(1883,'0066773344','10217038','INTAN LEMBAYUNG NOER RISKA','P',42),(1884,'0062317728','10217039','LILIS LESTARI','P',42),(1885,'0061551904','10217040','MANDA FADILAH','P',42),(1886,'0054680394','10217041','MELI NUR ALFIYAN','P',42),(1887,'0065039629','10217042','MIA FEBRIANTI','P',42),(1888,'0058108025','10217043','NABILA SAFITRI','P',42),(1889,'3054531686','10217044','NATASYA NUR FADILAH','P',42),(1890,'0051138661','10217045','NENG ELSA','P',42),(1891,'0066146538','10217046','NITA SRI WAHYUNI','P',42),(1892,'0063309382','10217047','PIRMAN PIRNANDA','L',42),(1893,'0044989516','10217048','RAHMA SALSA NURPADILAH','P',42),(1894,'0065481011','10217049','RENTI','P',42),(1895,'0058522009','10217050','REPI NURSETIA','P',42),(1896,'0057088775','10217051','RIFKA NURAFIFAH','P',42),(1897,'0063685803','10217052','ROSA MILDA MAULIDINA','P',42),(1898,'0053309287','10217053','SALSABILA PUTERI PRATAMA','P',42),(1899,'0041881117','10217054','SELPI','P',42),(1900,'0064241859','10217055','SHOFIA SEPTI PUSPITASARI','P',42),(1901,'3066491949','10217056','SILVIA INRIYANI','P',42),(1902,'0057027189','10217057','SOPIYANTI','P',42),(1903,'0066785769','10217058','TESA NURHIKMAH','P',42),(1904,'0061637533','10217059','VINA FAUZIAH','P',42),(1905,'0058339490','10217060','YULIYANI NURHADI','P',42),(1906,'0069452872','10227756','AI RAHAYU','P',19),(1907,'0068974615','10227757','AI SARAH FATHUL ZAINAH','P',19),(1908,'0077989580','10227758','AMELIA HELMALIA SARI','P',19),(1909,'0069031548','10227759','ANGGUN SUSILA','P',19),(1910,'0064623890','10227760','APRILIA SAHARA','P',19),(1911,'0063387197','10227761','BELA AGUSTINA','P',19),(1912,'0069741947','10227762','DELIS','P',19),(1913,'0059301977','10227763','DEVI SUSANTI','P',19),(1914,'0079903397','10227764','ELI RAHMAWATI','P',19),(1915,'0066590433','10227765','ICHA NOERUL ANNYSHA','P',19),(1916,'0063633490','10227766','IRMA REMAYANTI','P',19),(1917,'0072889661','10227767','KREISA ALIS`Q','P',19),(1918,'3054318146','10227768','LILIS NURAENI','P',19),(1919,'0079552175','10227769','LITA MAULANA','P',19),(1920,'0076519829','10227770','NAILA KHOIRUNNISA','P',19),(1921,'0071871245','10227771','NOVA PELANI ANGELINA','P',19),(1922,'0064002813','10227772','NOVITA WULANDARI','P',19),(1923,'0069427669','10227773','NUR AMALINA','P',19),(1924,'0067387570','10227774','PEBRIYANI','P',19),(1925,'0068521097','10227775','POPI ANDRIANI','P',19),(1926,'0053388646','10227776','POPI WIDIA PRATIWI','P',19),(1927,'0061451034','10227777','RAHMA AGUSTINA','P',19),(1928,'0063542783','10227778','REFI AMELIA','P',19),(1929,'0073830817','10227779','RESYA NUR BAETI','P',19),(1930,'0076026729','10227780','REVI DWI PEBRIANTI','P',19),(1931,'0061472483','10227781','RISA ADYNDA','P',19),(1932,'0069881068','10227782','SHILVY JULIANTI','P',19),(1933,'0073209402','10227783','SINTA DEWI SAMPROTUL PUADAH','P',19),(1934,'0062946335','10227784','SISKA AMELIA RAMADANI','P',19),(1935,'0062362585','10227785','VARISA ARTIKA DEWI','P',19),(1936,'0065553735','10227786','VINA YULIA','P',19),(1937,'0069141628','10227787','WAFA FAUZIAH RAHMAWATI','P',19),(1938,'3059123365','10227788','WIDI VEROSTANIA','P',19),(1939,'0062656304','10227789','WINA ARVIANI','P',19),(1940,'0073730387','10227790','YULIA SARI','P',19),(1941,'0066007943','10227791','YUNI','P',19),(1942,'0065292787','10227792','ADELIA HAIRUNIDA','P',20),(1943,'0069460654','10227793','AGIS TRIANI','P',20),(1944,'0074846159','10227794','ALINDA','P',20),(1945,'0064776732','10227795','AMELIA PUTRI','P',20),(1946,'0063425095','10227796','ANGGUN SARI','P',20),(1947,'0078207488','10227797','DEWI K','P',20),(1948,'0079688937','10227798','EVI SUSILAWATI','P',20),(1949,'0068347722','10227799','HANI LESTARI','P',20),(1950,'0069044668','10227800','INDAH DAMAYANTI','P',20),(1951,'0053547227','10227801','INDRI ARYANI','P',20),(1952,'0064910399','10227802','KUSWATI','P',20),(1953,'0076794902','10227803','MARSYA NOFLYANDA TAUSYIAH','P',20),(1954,'0062592891','10227804','MELDA','P',20),(1955,'0062497585','10227805','MIRA YULIANTI','P',20),(1956,'0067911358','10227806','MITA NURIANTI','P',20),(1957,'0076232432','10227807','MUZIATI','P',20),(1958,'0067347397','10227808','NANDIN SARASTIKA','P',20),(1959,'0063368106','10227809','NURAENI','P',20),(1960,'0076637595','10227810','NURAHMI MUHARAM','P',20),(1961,'0077912731','10227811','PUTRI ANAN DEWI','P',20),(1962,'3064605320','10227812','PUTRI RAHMADANI','P',20),(1963,'0073126045','10227813','REPA LINA','P',20),(1964,'0067724304','10227814','REPI INDRIYANI','P',20),(1965,'0062565367','10227815','RESA','P',20),(1966,'0073634970','10227816','RESA NURAENI','P',20),(1967,'0068950661','10227817','RIANTI AZRIL LAILA','P',20),(1968,'0073812924','10227818','RIFA NISA','P',20),(1969,'0064900445','10227819','RIPANA NURHAJIJAH','P',20),(1970,'0062250561','10227820','RISMAYANTI NUR FADILAH','P',20),(1971,'0061439571','10227821','RISTANTIA','P',20),(1972,'0064152690','10227822','SEPTI AULIA','P',20),(1973,'0068835310','10227823','SINTA APRILIANI','P',20),(1974,'0063397856','10227824','SUCI MAYDA PRATIWI','P',20),(1975,'0068079540','10227825','TASBIAH YUDIA RAMADHANA','P',20),(1976,'0051975201','10227826','WINDA','P',20),(1977,'0083223838','10227827','ZAHROTU SHITAMART','P',20),(2014,'0068034329','10227828','ALYA KHOERUNNISA','P',21),(2015,'0072190344','10227829','ANENG DEWI PATIMAH','P',21),(2016,'0071470848','10227830','ARABELA YULIANTI','P',21),(2017,'0065107349','10227831','DEA FITRI NURRAHMASARI','P',21),(2018,'0075513523','10227832','DEVI MARSELLA','P',21),(2019,'3062714004','10227833','EKA NURHAIFA','P',21),(2020,'0065644683','10227834','ERNI NURAENI','P',21),(2021,'0065907075','10227835','FANI RAHAYU','P',21),(2022,'0058127352','10227836','INDRI SRI MULYANI','P',21),(2023,'0061296224','10227837','KHIRAN TRI RAHAYU','P',21),(2024,'0058767226','10227838','LISMA','P',21),(2025,'3074924798','10227839','LUSI NUR FITRI','P',21),(2026,'0065502402','10227840','MITA IRMAYANTI','P',21),(2027,'0062280998','10227841','NABILA SIFFA','P',21),(2028,'0062529570','10227842','NIKMAH CHOLIDA','P',21),(2029,'0061988640','10227843','PINA AYU MILANI','P',21),(2030,'0061404588','10227844','RAFA AZKIATUL QOLBIAH','P',21),(2031,'0068675139','10227845','RAYA RUSIANA PUTRI','P',21),(2032,'0067074659','10227846','RENI NURAENI','P',21),(2033,'0074514821','10227847','RESTA NAILA','P',21),(2034,'0060053419','10227848','RESTI LESTARI','P',21),(2035,'3063558280','10227849','REVA FAZRIAH','P',21),(2036,'0075115228','10227850','RISNAWATI','P',21),(2037,'0079375184','10227851','SAFA NURUL FADILAH','P',21),(2038,'0063849774','10227852','SALSABILA GUNAWAN','P',21),(2039,'0072320081','10227853','SALWA LAILATUN PADILAH','P',21),(2040,'0073431642','10227854','SELVI ANANDA','P',21),(2041,'0066495843','10227855','SELVI RACHMAWATI','P',21),(2042,'0075265570','10227856','SILVI PARYANTI','P',21),(2043,'0075346391','10227857','SINTA SUSILAWATI','P',21),(2044,'3041690646','10227858','SIPA YULIANTI','P',21),(2045,'0068660123','10227859','SISCA YULIANI','P',21),(2046,'0067856309','10227860','SIVA NURJAKIA','P',21),(2047,'0078062254','10227861','SOFI AMALIA','P',21),(2048,'0077878975','10227862','WINA ARINI','P',21),(2049,'0067867299','10227863','ZAZILIA NUR TALITA','P',21),(2050,'0075589001','10227648','AI ALIYA','P',22),(2051,'0071826657','10227649','ALLISA PUTRI','P',22),(2052,'0065530629','10227650','ANANDA NAJWA FIKRIA FADHILAH','P',22),(2053,'0076361163','10227651','ANISA NURFALAH','P',22),(2054,'0072186147','10227652','AQILA RAJIFA PRASANDI','P',22),(2055,'3067853724','10227653','ASTRID AULIA','P',22),(2056,'0066557076','10227654','AULIA DESY PRATIWI','P',22),(2057,'0065531144','10227655','DELISTIN OKTAVIANI','P',22),(2058,'0062297237','10227656','DEVANIA SALSABILA','P',22),(2059,'0078336145','10227657','DINA ELSIKA','P',22),(2060,'0084519152','10227658','FAHRI ADRIAN','L',22),(2061,'0065425973','10227659','FANY  ROSMAWATI','P',22),(2062,'0069393109','10227660','GENDHIS AULIYA ISKANDAR','P',22),(2063,'0062019826','10227661','INTAN RAMADANI','P',22),(2064,'0078485711','10227662','JELITA JAILANTI','P',22),(2065,'0066000190','10227663','KETRIN ZAFIRA SOPA','P',22),(2066,'0065747669','10227664','MUHAMAD ALFIN NUR KHOLIS','L',22),(2067,'0066039913','10227665','MUHSIUL PAUZIAH','P',22),(2068,'0068312126','10227666','MUTIA AZAHRA','P',22),(2069,'0072445926','10227667','NADIA NURAENI','P',22),(2070,'0062934053','10227668','NAILA AGUSTINA','P',22),(2071,'0065749966','10227669','NAILA SITI AULIA','P',22),(2072,'0068341575','10227670','NAYANDA BERLIYANA','P',22),(2073,'0078881809','10227671','NAYRA SITI NURAMANAH','P',22),(2074,'0077866141','10227672','NENG DINA AMELIA PUTRI','P',22),(2075,'0076899752','10227673','NINDI NADIA FITRI','P',22),(2076,'0069474017','10227674','NURHILMAH','P',22),(2077,'0062309566','10227675','RAHMA NURAPRILA','P',22),(2078,'0076726070','10227676','RICHIA','P',22),(2079,'0064333804','10227677','RISNA LISTIANI FAUZIAH','P',22),(2080,'0078449922','10227678','RIZKY WAHDAN','L',22),(2081,'3086081624','10227679','SASI KIRANA','P',22),(2082,'3074992341','10227680','SELOMITA','P',22),(2083,'0059253706','10227681','SELOMITA DESTIANI PUTRI','P',22),(2084,'0061760925','10227682','SINTIA FERA NURPADILAH','P',22),(2085,'0077558877','10227683','SUSAN','P',22),(2086,'0061132753','10227684','AMIRDAD','L',23),(2087,'0063422671','10227685','ANISA YUSUF','P',23),(2088,'0065420602','10227686','AZMY NIDA SABILA','P',23),(2089,'0068825310','10227687','BIMO SURYANATA KUSUMAH','L',23),(2090,'0074494244','10227688','CANIYA DEWI NUR AZMY','P',23),(2091,'0066368668','10227689','DESTI MELIANI RAHMAT','P',23),(2092,'0066410315','10227690','DINDA SITI AISYAH','P',23),(2093,'0063962722','10227691','DIRA NUR QHOLBY','P',23),(2094,'0052950754','10227692','EGIT KURNIAWAN','L',23),(2095,'0054359964','10227693','ELIAMA SINTA IRAWAN','P',23),(2096,'0068961502','10227694','ENENG LISTIA','P',23),(2097,'0067446730','10227695','FAHMI TRIMANSYAH','L',23),(2098,'0064456822','10227696','HELMA DANIA PUTRI','P',23),(2099,'0068057617','10227697','NABILA SALWA KHAIRUNNISA','P',23),(2100,'0064025969','10227698','NAJLA NUR EKA ANGGRAENI','P',23),(2101,'0067470229','10227699','NOVA ELISA','P',23),(2102,'0066909874','10227700','NURUL HERMAWATI','P',23),(2103,'0067921908','10227701','NURUL RAMADHANI','P',23),(2104,'0065558086','10227702','RAHMA AULIA','P',23),(2105,'0063773265','10227703','REPA APRIYANI','P',23),(2106,'0071155484','10227704','REPI TRI UTAMI','P',23),(2107,'0063283453','10227705','REVA ALYA PUTRI','P',23),(2108,'0066650071','10227706','SALSA NURMELIANI','P',23),(2109,'0134509116','10227707','SALSABILA KIRANY PUTRI','P',23),(2110,'0073843392','10227708','SENI SAFITRI','P',23),(2111,'0064526831','10227709','SERLI RAHMAWATI','P',23),(2112,'0098012238','10227710','SILPA LATIPAH','P',23),(2113,'0078149797','10227711','SINTA NURUL AZIZAH','P',23),(2114,'0072967340','10227712','SINTA RAHAYU','P',23),(2115,'0074015087','10227713','SINTIA ROVIAH','P',23),(2116,'0066133095','10227714','SITI NUR ANISA','P',23),(2117,'0064714280','10227715','SYIFA FAUZIA','P',23),(2118,'0078462025','10227716','TANIA YUSTIANI CHAERIYYAH','P',23),(2119,'0068866465','10227717','TIA ROPATILLAH','P',23),(2120,'0069399754','10227718','TIARA MUTIA DINATA','P',23),(2121,'0072176060','10227719','TIARA SUCI MAHARANI','P',23);
/*!40000 ALTER TABLE `tb_siswa` ENABLE KEYS */;
UNLOCK TABLES;

--
-- Table structure for table `tb_tahun_ajaran`
--

DROP TABLE IF EXISTS `tb_tahun_ajaran`;
/*!40101 SET @saved_cs_client     = @@character_set_client */;
/*!40101 SET character_set_client = utf8 */;
CREATE TABLE `tb_tahun_ajaran` (
  `id_tahun_ajaran` int(11) NOT NULL AUTO_INCREMENT,
  `nama_tahun_ajaran` varchar(35) NOT NULL,
  PRIMARY KEY (`id_tahun_ajaran`)
) ENGINE=InnoDB AUTO_INCREMENT=2 DEFAULT CHARSET=utf8mb4;
/*!40101 SET character_set_client = @saved_cs_client */;

--
-- Dumping data for table `tb_tahun_ajaran`
--

LOCK TABLES `tb_tahun_ajaran` WRITE;
/*!40000 ALTER TABLE `tb_tahun_ajaran` DISABLE KEYS */;
INSERT INTO `tb_tahun_ajaran` (`id_tahun_ajaran`, `nama_tahun_ajaran`) VALUES (1,'2022/2023 Ganjil');
/*!40000 ALTER TABLE `tb_tahun_ajaran` ENABLE KEYS */;
UNLOCK TABLES;

--
-- Table structure for table `tb_users`
--

DROP TABLE IF EXISTS `tb_users`;
/*!40101 SET @saved_cs_client     = @@character_set_client */;
/*!40101 SET character_set_client = utf8 */;
CREATE TABLE `tb_users` (
  `id_users` int(11) NOT NULL AUTO_INCREMENT,
  `nama_users` varchar(50) NOT NULL,
  `username` varchar(150) NOT NULL,
  `password` varchar(254) NOT NULL,
  `level` varchar(25) NOT NULL,
  PRIMARY KEY (`id_users`)
) ENGINE=InnoDB AUTO_INCREMENT=289 DEFAULT CHARSET=utf8mb4;
/*!40101 SET character_set_client = @saved_cs_client */;

--
-- Dumping data for table `tb_users`
--

LOCK TABLES `tb_users` WRITE;
/*!40000 ALTER TABLE `tb_users` DISABLE KEYS */;
INSERT INTO `tb_users` (`id_users`, `nama_users`, `username`, `password`, `level`) VALUES (3,'Dede Hilman','dehil','cf081b11e184de45ecce347f758936f9','Administrator'),(5,'Abdul Mutaali','abdul','82027888c5bb8fc395411cb6804a066c','Administrator'),(105,'Novi Somantri, S.Pd','wkl_novi','342bad6840ff0e5c16bdc70187cf6aa9','Wali Kelas'),(106,'Irma Nuryani, S. Pd','wkl_irma_nuryani','ac081f9feef5dcc0199a4d356df9f019','Wali Kelas'),(107,'Jejen Jaelani. S. Pd','wkl_jejen','5d89d20b74a58826340faeefc30c86f2','Wali Kelas'),(108,'RESTI TANTIAWANTI, S. Pd','wkl_resti','6698bfaeacfade9976ea1f2b67ca0f87','Wali Kelas'),(109,'ASEP MARWAN, S. Pd. Si','wkl_asep','9e58168aa82e5f7cfc7cab986435df35','Wali Kelas'),(110,'IRFAN TAUFIK R, S.T','wkl_irfan','3de01db665993ed4b845b7b8a2da4cb5','Wali Kelas'),(111,'YULI TUSTINAWATI, S. Pd','wkl_yuli','047d904b33158c8184ff09fbba0d96f7','Wali Kelas'),(112,'SITI KHOTIMAH, S. Pd','wkl_siti','94bc197b93f5c8c0bdd59ef240d84a13','Wali Kelas'),(113,'RANI NURWAHYUNI, S. Pd','wkl_rani','542b1a7d71858c19b2c7782c66256f5a','Wali Kelas'),(114,'PUTRINA SARI, S. Pd','wkl_putrina','32380388db7c912bc82f0b8a7063aa38','Wali Kelas'),(115,'LANI LATIFAH YULYANI, S. Pd','wkl_lani','d6f8cebd584f0f1fc4cb9a67afd1f814','Wali Kelas'),(116,'MAMI FATHONAH ADNIZAR, S. KM','wkl_mami','ccd98cfed2f6055aeb9780d551512ac8','Wali Kelas'),(117,'KIKI, S. PdI','wkl_kiki','95b97199f789e5eff3df12e9f9b01a1d','Wali Kelas'),(118,'BAYU TRESNA GUMELAR, S. Pd','wkl_bayu','fcf8b76249cb6a28866d72c2a2dad47c','Wali Kelas'),(119,'SEPTIAN ADHI SETIA, S. Kom','wkl_septian','38763ae30001824a20289425eab5879b','Wali Kelas'),(120,'SRI SULASTRI NUR FAUZI, S.T','wkl_sri','a351abf6279adf1cb269337000b3cdad','Wali Kelas'),(121,'GISKA SAFINAZ JULYANI, S. Kom','wkl_giska','a6e560c3d93eeb61a19bda9b8c519c07','Wali Kelas'),(122,'DIAN HERMAWAN, S. Kom','wkl_dian','503d8c1deb943e35438f8db8a25a289e','Wali Kelas'),(123,'DADAN ZENAL MUKAROM, S. Pd','wkl_dadan','7640747766cc1ae1ebbd483bf3dfd3a8','Wali Kelas'),(124,'ABDUL MUTAALI, S. Kom','wkl_abdul','11ddba8195a0893921c004749b3a2399','Wali Kelas'),(125,'WULAN SARI, S. Kom','wkl_wulan','5d91ef4cee479f7a7225ec1caf4216c0','Wali Kelas'),(126,'M RIDWAN, S. Ag','wkl_m','6bdb9cef6e7b34e9fca3d866479f40c6','Wali Kelas'),(127,'SRI RACHMASARI, S. Pd','wkl_sri','a351abf6279adf1cb269337000b3cdad','Wali Kelas'),(128,'ACEP TEDI M, ST','wkl_acep','13cdb0c70896349e2aebc62e921b7c39','Wali Kelas'),(129,'DINDIN KAMALUDIN, S. Pd','wkl_dindin','692cb26daad2745b23e47c68403070c7','Wali Kelas'),(130,'GIAN SUGIAWAN, S. Pd','wkl_gian','b385094914eba6e2bfe277201f08ce1c','Wali Kelas'),(131,'JULIUS IRVAN TRILAKSANA, M. Pd','wkl_julius','c697da7e285e7b8fb6c8821ed4fbcbf4','Wali Kelas'),(132,'ANDI SETIYADI, S. Pd','wkl_andi','7c45357851fcc7ca327373dd96535885','Wali Kelas'),(133,'YIKA NINDASARI, S. Pd','wkl_yika','8c49cddf8b156da844417872ce666b83','Wali Kelas'),(134,'CECEP IYAN, S. Pd','wkl_cecep','7dcae4d911082705e997d1fe5a645a40','Wali Kelas'),(135,'ELI YULIANTI, S. Pd','wkl_eli','d1b91c63ae9eca6b6eb88f462641bbcc','Wali Kelas'),(136,'TITIN SUTININGSIH, S. Farm','wkl_titin','db538bfb747b3167b989e7e27f84c741','Wali Kelas'),(137,'Drs. ENDING','wkl_ending','7bd74ac33576f84d0e2f2b0db51a00f6','Wali Kelas'),(138,'IWAN KURNIAWAN, S. Pd','wkl_iwan','75d8c849ed8b28e0955f7cfd63b7172c','Wali Kelas'),(139,'SAPITRI HERMAWATI, S. Pd','wkl_sapitri','030ee35daa50d5973a8a744745816eb4','Wali Kelas'),(140,'RESI MUTIARA INDAH, S. Kom','wkl_resi','60614bc075f48bd5d2091f10ac18f4e5','Wali Kelas'),(141,'SRI CASRIAH, S. Pd','wkl_sri','a351abf6279adf1cb269337000b3cdad','Wali Kelas'),(142,'DEDE SUARSIH, S. Pd','wkl_dede','328fb8bf807d120b215210f8a7804911','Wali Kelas'),(143,'RAKA DEHA LUTFIANA G, S. T','wkl_raka','33f93300d1938a2aac6def0be69bad23','Wali Kelas'),(144,'MARDA ARADEA, S. Kom','wkl_marda','f5a03696fad78bc0a8a268faca5344b3','Wali Kelas'),(145,'FEBY SURYA ABDUL B, S. Pd','wkl_feby','63d82021fb2143cca930691b3a73f51d','Wali Kelas'),(146,'IRMA SITI MARYAMAH, S. Pd','wkl_irma','4ba6bd51caa076bae2efbd1a6bbd54ee','Wali Kelas'),(147,'KRISNA LUTVI ISHAQ, S. Pd','wkl_krisna','63ab87f3078970849b2f2ee93ec9a9ba','Wali Kelas'),(148,'HARDIANA, S. Pd','wkl_hardiana','5d4f180abcb6b18e69a10e7a53d455cc','Wali Kelas'),(149,'IKBAL FAUZI, ST','wkl_ikbal','a8ee8d98268959ae36602bc7925c4858','Wali Kelas'),(150,'HEPI HERDIANY, S. Si','wkl_hepi','72720561168db261bc6f499951b9e6d9','Wali Kelas'),(151,'IRWANTO, S. PdI','wkl_irwanto','388f8299ffe6eef424b69188067e122d','Wali Kelas'),(152,'SAEP HIDAYAT, S. Pd','wkl_saep','88982f93aaf85ca5a9ce1d955dfa934d','Wali Kelas'),(153,'N. IIN, S. Pd','wkl_n','a03a13239646556a992308fa9b6d6c3e','Wali Kelas'),(154,'HERAWATI, S. Pd','wkl_herawati','89e83e1ad28042a197ff6a56a0d50291','Wali Kelas'),(155,'RINA INDRIANA, SE','wkl_rina','d6e9ab39417651a3ff6ffa2041a80b12','Wali Kelas'),(156,'HERDIANA, S. Farm','wkl_herdiana','d76fbee9547eb84dd402bb65d9926637','Wali Kelas'),(157,'ASEP NURHIDAYAT, S. Pd','wkl_asep_nur','4682329b5268e35040ad18b8f5f2fdb9','Wali Kelas'),(158,'IFHAM MUHAMMAD FAUZI, S. Pd','wkl_ifham','af40b9e7d996e2a02cfe27eda44d3d22','Wali Kelas'),(159,'SUKAMTO, S. Pd','wkl_sukamto','f8af079c4e0d0e1a3c3821183e7bb8ef','Wali Kelas'),(160,'HESTI NOVIA, S. Pd','wkl_hesti','d502f3f93bb28a7a0d97002f5c4bd7de','Wali Kelas'),(161,'DEWI MULYANI, S. PdI','wkl_dewi','72d7a8946bd0e5020241a3ec23809d06','Wali Kelas'),(162,'YANI HAYATI, S. Pd','wkl_yani','9fa9489393fbef43d8d829d8853b8e6f','Wali Kelas'),(163,'YAYAH ALIYAH, M. Pd','wkl_yayah','21dce0b8bc3aa4f66091b38704e166bf','Wali Kelas'),(164,'ELIS WACHYUNI, S. Ag','wkl_elis','9e339feff4f9bcfd2c4c9d1a2900fbfb','Wali Kelas'),(165,'DEWI SINTA KOMALASARI, S. PdI','wkl_dewi','72d7a8946bd0e5020241a3ec23809d06','Wali Kelas'),(166,'ANISA MAHENDRAWATI, S. Pd','wkl_anisa','21490bbe1861060872f69ec8ce1ddcfc','Wali Kelas'),(167,'adm_heppy','adm_heppy','584e5d5eba3424d996956319f79d0d02','Administrator'),(168,'Drs. Agus Setiadi, M. Si','1','1','Guru Mapel'),(169,'Agus Kadarusman, M.Pd.','6','6','Guru Mapel'),(170,'Dra. Mumun Maemunah','10','10','Guru Mapel'),(171,'Yayah Aliyah, S.Kom., M.Pd.','15','15','Guru Mapel'),(172,'Hendri Hendriardi, S.Pd.','16','16','Guru Mapel'),(173,'Yadi Mulyadi, S.Kom.','26','26','Guru Mapel'),(174,'Yusep Rustandi, S.Pd.','27','27','Guru Mapel'),(175,'Dede Suarsih, S.Pd.','33','33','Guru Mapel'),(176,'Joni Wijaya, ST','36','36','Guru Mapel'),(177,'Ir. Nandang Suherlan','37','37','Guru Mapel'),(178,'Iwan Kurniawan, S.Pd.','38','38','Guru Mapel'),(179,'Mami Fatonah Adnijar, S.K.M.','61','61','Guru Mapel'),(180,'N Iin, S.Pd.','64','64','Guru Mapel'),(181,'Drs. Ending','65','65','Guru Mapel'),(182,'Drs. Didi, M.Pd.','66','66','Guru Mapel'),(183,'Dindin Kamaludin, S.Pd.','67','67','Guru Mapel'),(184,'Hepi Herdiany, S.Si.','69','69','Guru Mapel'),(185,'Santi Maya Susanti, S.Pd.Si.','70','70','Guru Mapel'),(186,'Eli Yulianti, S.Pd.','79','79','Guru Mapel'),(187,'Sukamto, S.Pd.','90','90','Guru Mapel'),(188,'Asep Marwan, S.Pd.Si.','94','94','Guru Mapel'),(189,'Dadan Zenal Mukarom, S.Pd.','95','95','Guru Mapel'),(190,'Ismail Saepudin, S.Pd.','96','96','Guru Mapel'),(191,'Dian Hermawan, S.Kom.','97','97','Guru Mapel'),(192,'Yika Nindasari, S.Pd.','100','100','Guru Mapel'),(193,'H. Dadang Suherman, S.Pd., M.Pd.','102','102','Guru Mapel'),(194,'Sridana, S.Farm., M.M., Apt.','105','105','Guru Mapel'),(195,'Sri Casriah, S.Pd.','107','107','Guru Mapel'),(196,'Gian Sugiawan, S.Pd.','108','108','Guru Mapel'),(197,'Sri Rachmasari, S.Pd.','109','109','Guru Mapel'),(198,'Mira Retna Priatna, S.Pd.','110','110','Guru Mapel'),(199,'Dewi Mulyani, S.Pd.I.','111','111','Guru Mapel'),(200,'Novi Somantri, S.Pd.','113','113','Guru Mapel'),(201,'Irma Nuryani, S.Pd.','117','117','Guru Mapel'),(202,'Cecep Iyan, S.Pd.','118','118','Guru Mapel'),(203,'Kohar Kushendar, S.Si., Apt.','121','121','Guru Mapel'),(204,'Hardiana, S.Pd.','123','123','Guru Mapel'),(205,'Resi Mutiara Indah, S.Kom.','127','127','Guru Mapel'),(206,'Herawati, S.Pd.','128','128','Guru Mapel'),(207,'Diah Wulan Sari, S.Pd.','129','129','Guru Mapel'),(208,'Asep Yogi Herwanto, S.T, M. Pd','133','133','Guru Mapel'),(209,'Andi Setiadi, S.Pd.','137','137','Guru Mapel'),(210,'Irwanto, S.Pd.I.','139','139','Guru Mapel'),(211,'Resti Tantiawanti, S.Pd.','141','141','Guru Mapel'),(212,'Saep Hidayat, S.Pd.','142','142','Guru Mapel'),(213,'Julius Irvan Trilaksana, S.Pd.','146','146','Guru Mapel'),(214,'Jejen Jaelani, S.Pd.','148','148','Guru Mapel'),(215,'Krisna Lutvi Ishaq, S.Pd.','151','151','Guru Mapel'),(216,'Elis Wachyuni, S.Ag.','152','152','Guru Mapel'),(217,'Feby Surya Abdul Bashit, S.Pd.','153','153','Guru Mapel'),(218,'Hendri Supratman, ST','156','156','Guru Mapel'),(219,'Ade Rahmatillah, S.Kom.I.','157','157','Guru Mapel'),(220,'Yuli Tustinawati, S.Pd.','158','158','Guru Mapel'),(221,'Asep Nurhidayat, S.Pd.','160','160','Guru Mapel'),(222,'Raka Deha Lutfiana Gunawan, S.T','162','162','Guru Mapel'),(223,'Yani Hayati, S.Pd.','165','165','Guru Mapel'),(224,'Abdul Patah Mutaqin, S. Kom','166','166','Guru Mapel'),(225,'Alga Dwi Egantara, S.Pd. Gr','170','170','Guru Mapel'),(226,'Deis Trisdiyanti, S.Pd','174','174','Guru Mapel'),(227,'Siti Khotimah, S.Pd','175','175','Guru Mapel'),(228,'Sinta Ratna Dewi, S.Pd','176','176','Guru Mapel'),(229,'Isti Oktriandna, S.Pd','178','178','Guru Mapel'),(230,'Mahmur Kumara, S. Kom','179','179','Guru Mapel'),(231,'Drs. Dadang Suparjan','180','180','Guru Mapel'),(232,'Egim Juniawan, S.Pd','181','181','Guru Mapel'),(233,'Acep Tedi Mulyadi, ST','182','182','Guru Mapel'),(234,'Hesti Novia, S. Pd','183','183','Guru Mapel'),(235,'Dewi Sinta Komalasari, S. PdI','184','184','Guru Mapel'),(236,'Rina Indriana, SE','185','185','Guru Mapel'),(237,'Abdul Mutaali, S.Kom','188','188','Guru Mapel'),(238,'Irma Siti Maryamah, S. Pd','192','192','Guru Mapel'),(239,'Muhammad Rahman Adi, S. Pd','193','193','Guru Mapel'),(240,'Kiki, S. Pd.I','194','194','Guru Mapel'),(241,'Herdiana, S. Farm','196','196','Guru Mapel'),(242,'Putrina Sari, S. Pd','197','197','Guru Mapel'),(243,'Sri Sulastri Nur Fauzi, S.T','199','199','Guru Mapel'),(244,'Giska Safinaz Julyani, S. Kom','200','200','Guru Mapel'),(245,'Rifa Rosalina, S. Pd','201','201','Guru Mapel'),(246,'Ifham Muhammad Fauzi, S. Pd','202','202','Guru Mapel'),(247,'Rani Nurwahyuni, S. Pd','203','203','Guru Mapel'),(248,'Ayulita Lestari, S. Farm','204','204','Guru Mapel'),(249,'Marda Aradea Frakasa, S. Kom','205','205','Guru Mapel'),(250,'Yayan Rosyana, ST','206','206','Guru Mapel'),(251,'Bayu Tresna Gumilar, S. Pd','207','207','Guru Mapel'),(252,'Anisa Mahendrawati, S. Pd','208','208','Guru Mapel'),(253,'Muhammad Rizal Bakhtiar, ST','209','209','Guru Mapel'),(254,'Rida Afifah, S. KomI','210','210','Guru Mapel'),(255,'Titin Sutiningsih, S. Farm','211','211','Guru Mapel'),(256,'Irfan Taufik Rahman, ST','212','212','Guru Mapel'),(257,'Septian Setia Adhi, S. Kom','213','213','Guru Mapel'),(258,'Yova Listiani, S. Pd','215','215','Guru Mapel'),(259,'Dzhulfa Nurfitria, S. Pd','216','216','Guru Mapel'),(260,'Muhammad Ridwan, S. Ag','217','217','Guru Mapel'),(261,'Wulan Sari, S. Kom','218','218','Guru Mapel'),(262,'Gita Permata, S. Sn','219','219','Guru Mapel'),(263,'Agis Noor Fathurahman, S. Kom','221','221','Guru Mapel'),(264,'Ikbal Fauzi, ST','222','222','Guru Mapel'),(265,'Lani Latifah Yulyani, S. Pd','223','223','Guru Mapel'),(266,'Yulistia Febrianti, S. Pd','224','224','Guru Mapel'),(267,'Ghea Ajeng Aguezthian Dini, S, Kom','225','225','Guru Mapel'),(268,'Dede Hilman, S. Kom','226','226','Guru Mapel'),(269,'Yeti Nurhalimah, S. Pd','227','227','Guru Mapel'),(270,'Yayu Puspita Dewi, S. Pd','228','228','Guru Mapel'),(271,'Ayi Yayang Mauludin, S. Pd','229','229','Guru Mapel'),(272,'Erna Eryani, S. Pd','230','230','Guru Mapel'),(273,'Aang Abdul Kholik, ST','231','231','Guru Mapel'),(274,'Yani Juhaeni, S. PdI','232','232','Guru Mapel'),(275,'Rika Nopikasari, S. Pd','233','233','Guru Mapel'),(276,'Ade Rina Maryani, S. Sos','234','234','Guru Mapel'),(277,'Nadia Sri Utami, S. Pd','235','235','Guru Mapel'),(278,'Katamso, S. Kom','236','236','Guru Mapel'),(279,'Iim Susantho, S. T','237','237','Guru Mapel'),(280,'Rina Irmayani, S. Pd','238','238','Guru Mapel'),(281,'Desi Kemala Putri, S. Pd','239','239','Guru Mapel'),(282,'Agus Waluyo, S. Sos','240','240','Guru Mapel'),(283,'Tika Nafisah, S. Pd','241','241','Guru Mapel'),(284,'Nisrina Fauziyyah Fuad, S. Pd','242','242','Guru Mapel'),(285,'Herni Nurhaeni, S. Pd','243','243','Guru Mapel'),(286,'Sapitri Hermawati, S. Pd','244','244','Guru Mapel'),(287,'Ai Rida Pebriani, S. Pd','245','245','Guru Mapel'),(288,'Eva Sartikawati, S. Pd','246','246','Guru Mapel');
/*!40000 ALTER TABLE `tb_users` ENABLE KEYS */;
UNLOCK TABLES;

--
-- Table structure for table `tb_wali_kelas`
--

DROP TABLE IF EXISTS `tb_wali_kelas`;
/*!40101 SET @saved_cs_client     = @@character_set_client */;
/*!40101 SET character_set_client = utf8 */;
CREATE TABLE `tb_wali_kelas` (
  `id_wali_kelas` int(11) NOT NULL AUTO_INCREMENT,
  `id_users` int(11) NOT NULL,
  `id_kelas` int(11) NOT NULL,
  PRIMARY KEY (`id_wali_kelas`)
) ENGINE=InnoDB AUTO_INCREMENT=66 DEFAULT CHARSET=utf8mb4;
/*!40101 SET character_set_client = @saved_cs_client */;

--
-- Dumping data for table `tb_wali_kelas`
--

LOCK TABLES `tb_wali_kelas` WRITE;
/*!40000 ALTER TABLE `tb_wali_kelas` DISABLE KEYS */;
INSERT INTO `tb_wali_kelas` (`id_wali_kelas`, `id_users`, `id_kelas`) VALUES (4,106,11),(5,107,12),(6,108,13),(7,109,14),(8,110,15),(9,111,18),(10,112,19),(11,113,20),(12,105,10),(14,117,16),(15,118,17),(16,119,2),(17,120,3),(18,121,4),(19,122,5),(20,123,7),(21,124,8),(22,125,9),(23,126,31),(24,127,32),(25,128,33),(26,129,34),(27,130,35),(28,131,36),(29,132,39),(30,133,40),(31,134,41),(32,135,42),(33,136,43),(34,137,44),(35,138,37),(36,139,38),(37,140,24),(38,141,25),(39,142,26),(40,143,27),(41,144,28),(42,145,29),(43,146,30),(44,147,52),(45,148,53),(46,149,54),(48,150,55),(49,151,56),(50,152,57),(51,153,60),(52,154,61),(53,155,62),(54,156,64),(55,157,65),(56,158,58),(57,159,59),(58,160,45),(59,161,46),(60,162,47),(61,163,48),(62,164,49),(63,165,50),(64,166,51),(65,114,21);
/*!40000 ALTER TABLE `tb_wali_kelas` ENABLE KEYS */;
UNLOCK TABLES;
/*!40103 SET TIME_ZONE=@OLD_TIME_ZONE */;

/*!40101 SET SQL_MODE=@OLD_SQL_MODE */;
/*!40014 SET FOREIGN_KEY_CHECKS=@OLD_FOREIGN_KEY_CHECKS */;
/*!40014 SET UNIQUE_CHECKS=@OLD_UNIQUE_CHECKS */;
/*!40101 SET CHARACTER_SET_CLIENT=@OLD_CHARACTER_SET_CLIENT */;
/*!40101 SET CHARACTER_SET_RESULTS=@OLD_CHARACTER_SET_RESULTS */;
/*!40101 SET COLLATION_CONNECTION=@OLD_COLLATION_CONNECTION */;
/*!40111 SET SQL_NOTES=@OLD_SQL_NOTES */;

-- Dump completed on 2022-07-24 19:03:57
